Row ID,Order ID,Order Date,Ship Date,Ship Mode,Customer ID,Customer Name,Segment,Country,City,State,Postal Code,Region,Product ID,Category,Sub-Category,Product Name,Sales,Quantity,Discount,Profit
1,CA-2017-152156,2017-11-08,2017-11-11,Second Class,CG-12520,Claire Gute,Consumer,United States,Henderson,Kentucky,42420.0,South,FUR-BO-10001798,Furniture,Bookcases,Bush Somerset Collection Bookcase,261.96,2,0.0,41.9136
2,CA-2017-152156,2017-11-08,2017-11-11,Second Class,CG-12520,Claire Gute,Consumer,United States,Henderson,Kentucky,42420.0,South,FUR-CH-10000454,Furniture,Chairs,"Hon Deluxe Fabric Upholstered Stacking Chairs, Rounded Back",731.94,3,0.0,219.582
70,CA-2017-119823,2017-06-04,2017-06-06,First Class,KD-16270,Karen Daniels,Consumer,United States,Springfield,Virginia,22153.0,South,OFF-PA-10000482,Office Supplies,Paper,"Snap-A-Way Black Print Carbonless Ruled Speed Letter, Triplicate",75.88,2,0.0,35.6636
80,CA-2017-127208,2017-06-12,2017-06-15,First Class,SC-20770,Stewart Carmichael,Corporate,United States,Decatur,Alabama,35601.0,South,OFF-AP-10002118,Office Supplies,Appliances,"1.7 Cubic Foot Compact ""Cube"" Office Refrigerators",208.16,1,0.0,56.2032
81,CA-2017-127208,2017-06-12,2017-06-15,First Class,SC-20770,Stewart Carmichael,Corporate,United States,Decatur,Alabama,35601.0,South,OFF-BI-10002309,Office Supplies,Binders,Avery Heavy-Duty EZD  Binder With Locking Rings,16.74,3,0.0,8.0352
287,CA-2017-112697,2017-12-18,2017-12-20,Second Class,AH-10195,Alan Haines,Corporate,United States,Tamarac,Florida,33319.0,South,OFF-BI-10000778,Office Supplies,Binders,GBC VeloBinder Electric Binding Machine,254.058,7,0.7,-169.372
288,CA-2017-112697,2017-12-18,2017-12-20,Second Class,AH-10195,Alan Haines,Corporate,United States,Tamarac,Florida,33319.0,South,OFF-AP-10002684,Office Supplies,Appliances,"Acco 7-Outlet Masterpiece Power Center, Wihtout Fax/Phone Line Protection",194.528,2,0.2,24.316
289,CA-2017-112697,2017-12-18,2017-12-20,Second Class,AH-10195,Alan Haines,Corporate,United States,Tamarac,Florida,33319.0,South,OFF-SU-10000646,Office Supplies,Supplies,Premier Automatic Letter Opener,961.48,5,0.2,-204.3145
359,CA-2017-130001,2017-04-23,2017-04-28,Standard Class,HK-14890,Heather Kirkland,Corporate,United States,Charlotte,North Carolina,28205.0,South,OFF-PA-10002666,Office Supplies,Paper,Southworth 25% Cotton Linen-Finish Paper & Envelopes,36.24,5,0.2,11.325
430,US-2017-123750,2017-04-15,2017-04-21,Standard Class,RB-19795,Ross Baird,Home Office,United States,Gastonia,North Carolina,28052.0,South,OFF-BI-10004584,Office Supplies,Binders,GBC ProClick 150 Presentation Binding System,189.588,2,0.7,-145.3508
431,US-2017-123750,2017-04-15,2017-04-21,Standard Class,RB-19795,Ross Baird,Home Office,United States,Gastonia,North Carolina,28052.0,South,TEC-AC-10004659,Technology,Accessories,Imation�Secure+ Hardware Encrypted USB 2.0�Flash Drive; 16GB,408.744,7,0.2,76.6395
432,US-2017-123750,2017-04-15,2017-04-21,Standard Class,RB-19795,Ross Baird,Home Office,United States,Gastonia,North Carolina,28052.0,South,TEC-AC-10004659,Technology,Accessories,Imation�Secure+ Hardware Encrypted USB 2.0�Flash Drive; 16GB,291.96,5,0.2,54.7425
433,US-2017-123750,2017-04-15,2017-04-21,Standard Class,RB-19795,Ross Baird,Home Office,United States,Gastonia,North Carolina,28052.0,South,OFF-ST-10000617,Office Supplies,Storage,Woodgrain Magazine Files by Perma,4.768,2,0.2,-0.7748
495,US-2017-120929,2017-03-18,2017-03-21,Second Class,RO-19780,Rose O'Brian,Consumer,United States,Memphis,Tennessee,38109.0,South,FUR-TA-10001857,Furniture,Tables,Balt Solid Wood Rectangular Table,189.882,3,0.4,-94.941
534,CA-2017-168753,2017-05-29,2017-06-01,Second Class,RL-19615,Rob Lucas,Consumer,United States,Montgomery,Alabama,36116.0,South,TEC-PH-10000984,Technology,Phones,Panasonic KX-TG9471B,979.95,5,0.0,274.38599999999997
535,CA-2017-168753,2017-05-29,2017-06-01,Second Class,RL-19615,Rob Lucas,Consumer,United States,Montgomery,Alabama,36116.0,South,OFF-BI-10002557,Office Supplies,Binders,Presstex Flexible Ring Binders,22.75,5,0.0,11.375
665,CA-2017-143308,2017-11-04,2017-11-04,Same Day,RC-19825,Roy Collins,Consumer,United States,Louisville,Kentucky,40214.0,South,OFF-FA-10000621,Office Supplies,Fasteners,"OIC Colored Binder Clips, Assorted Sizes",10.74,3,0.0,5.2626
725,CA-2017-114713,2017-07-07,2017-07-12,Standard Class,SC-20695,Steve Chapman,Corporate,United States,Hialeah,Florida,33012.0,South,OFF-SU-10004664,Office Supplies,Supplies,Acme Softgrip Scissors,45.583999999999996,7,0.2,5.1282
756,CA-2017-140928,2017-09-18,2017-09-22,Standard Class,NB-18655,Nona Balk,Corporate,United States,Jacksonville,Florida,32216.0,South,FUR-TA-10001095,Furniture,Tables,Chromcraft Round Conference Tables,383.43800000000005,4,0.45,-167.3184
770,CA-2017-157245,2017-05-19,2017-05-24,Standard Class,LE-16810,Laurel Elliston,Consumer,United States,Arlington,Virginia,22204.0,South,FUR-CH-10003746,Furniture,Chairs,Hon 4070 Series Pagoda Round Back Stacking Chairs,641.96,2,0.0,179.7488
793,CA-2017-105256,2017-05-20,2017-05-20,Same Day,JK-15730,Joe Kamberova,Consumer,United States,Asheville,North Carolina,28806.0,South,TEC-PH-10001530,Technology,Phones,Cisco Unified IP Phone 7945G VoIP phone,1363.96,5,0.2,85.2475
804,CA-2017-115504,2017-03-12,2017-03-17,Standard Class,MC-18130,Mike Caudle,Corporate,United States,Monroe,Louisiana,71203.0,South,OFF-PA-10003953,Office Supplies,Paper,Xerox 218,12.96,2,0.0,6.2208
834,CA-2017-165316,2017-07-23,2017-07-27,Standard Class,JB-15400,Jennifer Braxton,Corporate,United States,Tampa,Florida,33614.0,South,OFF-AR-10002956,Office Supplies,Art,Boston 16801 Nautilus Battery Pencil Sharpener,35.216,2,0.2,2.6412
835,CA-2017-165316,2017-07-23,2017-07-27,Standard Class,JB-15400,Jennifer Braxton,Corporate,United States,Tampa,Florida,33614.0,South,OFF-AP-10003266,Office Supplies,Appliances,"Holmes Replacement Filter for HEPA Air Cleaner, Large Room",23.695999999999998,2,0.2,6.5164
836,CA-2017-165316,2017-07-23,2017-07-27,Standard Class,JB-15400,Jennifer Braxton,Corporate,United States,Tampa,Florida,33614.0,South,TEC-MA-10004002,Technology,Machines,Zebra GX420t Direct Thermal/Thermal Transfer Printer,265.475,1,0.5,-111.4995
853,CA-2017-113747,2017-05-28,2017-06-04,Standard Class,VD-21670,Valerie Dominguez,Consumer,United States,Jackson,Mississippi,39212.0,South,OFF-AR-10003373,Office Supplies,Art,"Boston School Pro Electric Pencil Sharpener, 1670",185.88,6,0.0,50.1876
863,CA-2017-134474,2017-01-05,2017-01-07,Second Class,AJ-10795,Anthony Johnson,Corporate,United States,Jacksonville,Florida,32216.0,South,TEC-AC-10001714,Technology,Accessories,Logitech�MX Performance Wireless Mouse,191.472,6,0.2,40.6878
864,CA-2017-134474,2017-01-05,2017-01-07,Second Class,AJ-10795,Anthony Johnson,Corporate,United States,Jacksonville,Florida,32216.0,South,OFF-AR-10003958,Office Supplies,Art,Newell 337,5.247999999999999,2,0.2,0.5904
865,CA-2017-134474,2017-01-05,2017-01-07,Second Class,AJ-10795,Anthony Johnson,Corporate,United States,Jacksonville,Florida,32216.0,South,TEC-PH-10002923,Technology,Phones,"Logitech B530 USB�Headset�-�headset�- Full size, Binaural",59.184,2,0.2,5.1786
979,CA-2017-145499,2017-05-30,2017-05-31,First Class,RW-19690,Robert Waldorf,Consumer,United States,Wilmington,North Carolina,28403.0,South,OFF-BI-10000848,Office Supplies,Binders,Angle-D Ring Binders,3.282,2,0.7,-2.6256
1047,CA-2017-169103,2017-03-08,2017-03-13,Standard Class,ZC-21910,Zuschuss Carroll,Consumer,United States,Miami,Florida,33142.0,South,TEC-PH-10001530,Technology,Phones,Cisco Unified IP Phone 7945G VoIP phone,1363.96,5,0.2,85.2475
1048,CA-2017-169103,2017-03-08,2017-03-13,Standard Class,ZC-21910,Zuschuss Carroll,Consumer,United States,Miami,Florida,33142.0,South,FUR-FU-10004006,Furniture,Furnishings,"Deflect-o DuraMat Lighweight, Studded, Beveled Mat for Low Pile Carpeting",102.36,3,0.2,-3.8385
1130,CA-2017-112102,2017-04-12,2017-04-16,Standard Class,BD-11605,Brian Dahlen,Consumer,United States,Springfield,Virginia,22153.0,South,FUR-TA-10004086,Furniture,Tables,KI Adjustable-Height Table,343.92,4,0.0,75.6624
1131,CA-2017-112102,2017-04-12,2017-04-16,Standard Class,BD-11605,Brian Dahlen,Consumer,United States,Springfield,Virginia,22153.0,South,OFF-PA-10000100,Office Supplies,Paper,Xerox 1945,40.99,1,0.0,20.0851
1132,CA-2017-112102,2017-04-12,2017-04-16,Standard Class,BD-11605,Brian Dahlen,Consumer,United States,Springfield,Virginia,22153.0,South,OFF-EN-10002500,Office Supplies,Envelopes,Globe Weis Peel & Seel First Class Envelopes,63.9,5,0.0,28.755
1136,US-2017-148803,2017-12-11,2017-12-11,Same Day,LR-16915,Lena Radford,Consumer,United States,Homestead,Florida,33030.0,South,OFF-ST-10001476,Office Supplies,Storage,Steel Personal Filing/Posting Tote,85.22399999999999,3,0.2,7.4571
1235,CA-2017-144344,2017-10-28,2017-10-28,Same Day,PG-18820,Patrick Gardner,Consumer,United States,Boynton Beach,Florida,33437.0,South,FUR-FU-10000076,Furniture,Furnishings,24-Hour Round Wall Clock,47.952,3,0.2,13.7862
1236,CA-2017-144344,2017-10-28,2017-10-28,Same Day,PG-18820,Patrick Gardner,Consumer,United States,Boynton Beach,Florida,33437.0,South,OFF-BI-10003719,Office Supplies,Binders,Large Capacity Hanging Post Binders,37.425,5,0.7,-29.94
1237,CA-2017-144344,2017-10-28,2017-10-28,Same Day,PG-18820,Patrick Gardner,Consumer,United States,Boynton Beach,Florida,33437.0,South,FUR-FU-10003268,Furniture,Furnishings,Eldon Radial Chair Mat for Low to Medium Pile Carpets,63.968,2,0.2,0.0
1238,CA-2017-144344,2017-10-28,2017-10-28,Same Day,PG-18820,Patrick Gardner,Consumer,United States,Boynton Beach,Florida,33437.0,South,FUR-FU-10003553,Furniture,Furnishings,"Howard Miller 13-1/2"" Diameter Rosebrook Wall Clock",165.048,3,0.2,41.262
1258,US-2017-168620,2017-12-24,2017-12-28,Second Class,RB-19795,Ross Baird,Home Office,United States,Charlotte,North Carolina,28205.0,South,OFF-BI-10001575,Office Supplies,Binders,GBC Linen Binding Covers,27.881999999999998,3,0.7,-20.4468
1259,US-2017-168620,2017-12-24,2017-12-28,Second Class,RB-19795,Ross Baird,Home Office,United States,Charlotte,North Carolina,28205.0,South,OFF-ST-10003716,Office Supplies,Storage,Tennsco Double-Tier Lockers,540.048,3,0.2,-47.2542
1260,US-2017-168620,2017-12-24,2017-12-28,Second Class,RB-19795,Ross Baird,Home Office,United States,Charlotte,North Carolina,28205.0,South,TEC-AC-10004469,Technology,Accessories,Microsoft Sculpt Comfort Mouse,255.68,8,0.2,76.704
1262,US-2017-144393,2017-10-28,2017-11-04,Standard Class,SM-20950,Suzanne McNair,Corporate,United States,Greenville,North Carolina,27834.0,South,OFF-BI-10004236,Office Supplies,Binders,"XtraLife ClearVue Slant-D Ring Binder, White, 3""",17.616,4,0.7,-14.0928
1301,CA-2017-137043,2017-12-23,2017-12-25,Second Class,LC-17140,Logan Currie,Consumer,United States,Springfield,Virginia,22153.0,South,FUR-FU-10003664,Furniture,Furnishings,"Electrix Architect's Clamp-On Swing Arm Lamp, Black",572.76,6,0.0,166.1004
1302,CA-2017-137043,2017-12-23,2017-12-25,Second Class,LC-17140,Logan Currie,Consumer,United States,Springfield,Virginia,22153.0,South,FUR-FU-10003664,Furniture,Furnishings,"Electrix Architect's Clamp-On Swing Arm Lamp, Black",286.38,3,0.0,83.0502
1352,CA-2017-162901,2017-03-28,2017-03-31,First Class,AS-10045,Aaron Smayling,Corporate,United States,Arlington,Virginia,22204.0,South,OFF-ST-10000649,Office Supplies,Storage,Hanging Personal Folder File,31.4,2,0.0,7.85
1358,CA-2017-145247,2017-05-05,2017-05-07,First Class,ND-18370,Natalie DeCherney,Consumer,United States,Louisville,Kentucky,40214.0,South,OFF-PA-10003641,Office Supplies,Paper,Xerox 1909,79.14,3,0.0,36.4044
1383,US-2017-108504,2017-02-05,2017-02-05,Same Day,PP-18955,Paul Prost,Home Office,United States,Smyrna,Georgia,30080.0,South,OFF-ST-10002344,Office Supplies,Storage,"Carina 42""Hx23 3/4""W Media Storage Unit",80.98,1,0.0,1.6196
1384,US-2017-108504,2017-02-05,2017-02-05,Same Day,PP-18955,Paul Prost,Home Office,United States,Smyrna,Georgia,30080.0,South,OFF-PA-10001289,Office Supplies,Paper,White Computer Printout Paper by Universal,348.84,9,0.0,170.9316
1385,US-2017-108504,2017-02-05,2017-02-05,Same Day,PP-18955,Paul Prost,Home Office,United States,Smyrna,Georgia,30080.0,South,OFF-FA-10000053,Office Supplies,Fasteners,Revere Boxed Rubber Bands by Revere,9.45,5,0.0,0.18899999999999997
1386,US-2017-108504,2017-02-05,2017-02-05,Same Day,PP-18955,Paul Prost,Home Office,United States,Smyrna,Georgia,30080.0,South,FUR-FU-10004091,Furniture,Furnishings,"Eldon 200 Class Desk Accessories, Black",18.84,3,0.0,7.1592
1387,US-2017-108504,2017-02-05,2017-02-05,Same Day,PP-18955,Paul Prost,Home Office,United States,Smyrna,Georgia,30080.0,South,FUR-BO-10004015,Furniture,Bookcases,"Bush Andora Bookcase, Maple/Graphite Gray Finish",239.98,2,0.0,52.7956
1388,US-2017-108504,2017-02-05,2017-02-05,Same Day,PP-18955,Paul Prost,Home Office,United States,Smyrna,Georgia,30080.0,South,OFF-EN-10003001,Office Supplies,Envelopes,Ames Color-File Green Diamond Border X-ray Mailers,167.96,2,0.0,78.9412
1389,US-2017-108504,2017-02-05,2017-02-05,Same Day,PP-18955,Paul Prost,Home Office,United States,Smyrna,Georgia,30080.0,South,TEC-PH-10000215,Technology,Phones,Plantronics Cordless�Phone Headset�with In-line Volume - M214C,104.85,3,0.0,28.3095
1390,US-2017-108504,2017-02-05,2017-02-05,Same Day,PP-18955,Paul Prost,Home Office,United States,Smyrna,Georgia,30080.0,South,TEC-PH-10003645,Technology,Phones,Aastra 57i VoIP phone,484.83,3,0.0,126.0558
1391,US-2017-108504,2017-02-05,2017-02-05,Same Day,PP-18955,Paul Prost,Home Office,United States,Smyrna,Georgia,30080.0,South,OFF-PA-10000357,Office Supplies,Paper,"White Dual Perf Computer Printout Paper, 2700 Sheets, 1 Part, Heavyweight, 20 lbs., 14 7/8 x 11",122.97,3,0.0,60.2553
1392,US-2017-108504,2017-02-05,2017-02-05,Same Day,PP-18955,Paul Prost,Home Office,United States,Smyrna,Georgia,30080.0,South,OFF-ST-10004804,Office Supplies,Storage,"Belkin 19"" Vented Equipment Shelf, Black",154.44,3,0.0,1.5444
1393,US-2017-108504,2017-02-05,2017-02-05,Same Day,PP-18955,Paul Prost,Home Office,United States,Smyrna,Georgia,30080.0,South,OFF-PA-10003892,Office Supplies,Paper,Xerox 1943,342.37,7,0.0,160.9139
1401,CA-2017-159212,2017-11-01,2017-11-05,Standard Class,KM-16375,Katherine Murray,Home Office,United States,Salem,Virginia,24153.0,South,TEC-PH-10003988,Technology,Phones,"LF Elite 3D Dazzle Designer Hard Case Cover, Lf Stylus Pen and Wiper For Apple Iphone 5c Mini Lite",21.8,2,0.0,6.104
1402,CA-2017-159212,2017-11-01,2017-11-05,Standard Class,KM-16375,Katherine Murray,Home Office,United States,Salem,Virginia,24153.0,South,OFF-EN-10002230,Office Supplies,Envelopes,Airmail Envelopes,251.79,3,0.0,118.3413
1452,CA-2017-133711,2017-11-26,2017-11-29,First Class,MC-17425,Mark Cousins,Corporate,United States,Mobile,Alabama,36608.0,South,OFF-PA-10001685,Office Supplies,Paper,Easy-staple paper,70.98,7,0.0,34.7802
1453,CA-2017-133711,2017-11-26,2017-11-29,First Class,MC-17425,Mark Cousins,Corporate,United States,Mobile,Alabama,36608.0,South,OFF-BI-10000666,Office Supplies,Binders,Surelock Post Binders,91.68,3,0.0,45.84
1454,CA-2017-133711,2017-11-26,2017-11-29,First Class,MC-17425,Mark Cousins,Corporate,United States,Mobile,Alabama,36608.0,South,OFF-BI-10004352,Office Supplies,Binders,Wilson Jones DublLock D-Ring Binders,33.75,5,0.0,16.875
1455,CA-2017-133711,2017-11-26,2017-11-29,First Class,MC-17425,Mark Cousins,Corporate,United States,Mobile,Alabama,36608.0,South,TEC-MA-10000010,Technology,Machines,Hewlett-Packard Deskjet 3050a All-in-One Color Inkjet Printer,3040.0,8,0.0,1459.2
1478,CA-2017-121958,2017-11-13,2017-11-17,Standard Class,CS-12505,Cindy Stewart,Consumer,United States,Thomasville,North Carolina,27360.0,South,OFF-SU-10000381,Office Supplies,Supplies,Acme Forged Steel Scissors with Black Enamel Handles,52.136,7,0.2,5.8653
1508,CA-2017-134208,2017-09-17,2017-09-23,Standard Class,CS-12505,Cindy Stewart,Consumer,United States,Columbus,Georgia,31907.0,South,TEC-MA-10004458,Technology,Machines,Lexmark X 9575 Professional All-in-One Color Printer,396.0,4,0.0,190.08
1578,CA-2017-154403,2017-05-23,2017-05-27,Standard Class,AP-10720,Anne Pryor,Home Office,United States,Florence,Alabama,35630.0,South,OFF-PA-10001526,Office Supplies,Paper,Xerox 1949,4.98,1,0.0,2.4402
1590,CA-2017-109911,2017-05-12,2017-05-16,Standard Class,VG-21805,Vivek Grady,Corporate,United States,Virginia Beach,Virginia,23464.0,South,OFF-AR-10001662,Office Supplies,Art,Rogers Handheld Barrel Pencil Sharpener,10.96,4,0.0,2.9592
1603,US-2017-132857,2017-12-11,2017-12-17,Standard Class,CA-12775,Cynthia Arntzen,Consumer,United States,Smyrna,Tennessee,37167.0,South,OFF-AR-10003251,Office Supplies,Art,Prang Drawing Pencil Set,6.672000000000001,3,0.2,1.6680000000000001
1729,CA-2017-106894,2017-02-07,2017-02-07,Same Day,CA-12265,Christina Anderson,Consumer,United States,Springfield,Virginia,22153.0,South,TEC-AC-10003063,Technology,Accessories,Micro Innovations USB RF Wireless Keyboard with Mouse,100.0,4,0.0,21.0
1730,CA-2017-106894,2017-02-07,2017-02-07,Same Day,CA-12265,Christina Anderson,Consumer,United States,Springfield,Virginia,22153.0,South,OFF-LA-10001045,Office Supplies,Labels,Permanent Self-Adhesive File Folder Labels for Typewriters by Universal,7.83,3,0.0,3.6018
1747,CA-2017-155670,2017-08-13,2017-08-17,Second Class,EM-14065,Erin Mull,Consumer,United States,Jacksonville,North Carolina,28540.0,South,OFF-BI-10000138,Office Supplies,Binders,Acco Translucent Poly Ring Binders,11.232000000000001,8,0.7,-8.2368
1748,CA-2017-155670,2017-08-13,2017-08-17,Second Class,EM-14065,Erin Mull,Consumer,United States,Jacksonville,North Carolina,28540.0,South,OFF-PA-10004947,Office Supplies,Paper,Easy-staple paper,10.272,3,0.2,3.21
1764,CA-2017-110254,2017-08-04,2017-08-08,Standard Class,ML-17755,Max Ludwig,Home Office,United States,Suffolk,Virginia,23434.0,South,OFF-SU-10002573,Office Supplies,Supplies,"Acme 10"" Easy Grip Assistive Scissors",35.06,2,0.0,10.517999999999999
1765,CA-2017-110254,2017-08-04,2017-08-08,Standard Class,ML-17755,Max Ludwig,Home Office,United States,Suffolk,Virginia,23434.0,South,OFF-LA-10004484,Office Supplies,Labels,Avery 476,4.13,1,0.0,1.8998
1766,CA-2017-110254,2017-08-04,2017-08-08,Standard Class,ML-17755,Max Ludwig,Home Office,United States,Suffolk,Virginia,23434.0,South,FUR-FU-10001591,Furniture,Furnishings,Advantus Panel Wall Certificate Holder - 8.5x11,109.8,9,0.0,46.11600000000001
1767,CA-2017-110254,2017-08-04,2017-08-08,Standard Class,ML-17755,Max Ludwig,Home Office,United States,Suffolk,Virginia,23434.0,South,OFF-LA-10002034,Office Supplies,Labels,Avery 478,9.82,2,0.0,4.8118
1828,CA-2017-109344,2017-02-08,2017-02-11,Second Class,CH-12070,Cathy Hwang,Home Office,United States,Raleigh,North Carolina,27604.0,South,TEC-PH-10002624,Technology,Phones,Samsung Galaxy S4 Mini,1127.976,3,0.2,126.8973
1842,CA-2017-157763,2017-07-18,2017-07-23,Standard Class,KH-16330,Katharine Harms,Corporate,United States,Bowling Green,Kentucky,42104.0,South,FUR-CH-10000988,Furniture,Chairs,Hon Olson Stacker Stools,140.81,1,0.0,39.4268
1901,CA-2017-140543,2017-06-29,2017-07-03,Second Class,Co-12640,Corey-Lock,Consumer,United States,Florence,South Carolina,29501.0,South,OFF-ST-10000563,Office Supplies,Storage,Fellowes Bankers Box Stor/Drawer Steel Plus,191.88,6,0.0,19.188
1907,US-2017-150567,2017-05-17,2017-05-21,Standard Class,RP-19855,Roy Phan,Corporate,United States,Apopka,Florida,32712.0,South,OFF-BI-10001757,Office Supplies,Binders,Pressboard Hanging Data Binders for Unburst Sheets,2.952,2,0.7,-2.1648
1908,US-2017-150567,2017-05-17,2017-05-21,Standard Class,RP-19855,Roy Phan,Corporate,United States,Apopka,Florida,32712.0,South,OFF-BI-10000069,Office Supplies,Binders,"GBC Prepunched Paper, 19-Hole, for Binding Systems, 24-lb",27.018,6,0.7,-21.6144
2014,CA-2017-145905,2017-09-18,2017-09-23,Standard Class,AM-10705,Anne McFarland,Consumer,United States,Auburn,Alabama,36830.0,South,FUR-CH-10001854,Furniture,Chairs,Office Star - Professional Matrix Back Chair with 2-to-1 Synchro Tilt and Mesh Fabric Seat,350.98,1,0.0,84.2352
2015,CA-2017-145905,2017-09-18,2017-09-23,Standard Class,AM-10705,Anne McFarland,Consumer,United States,Auburn,Alabama,36830.0,South,OFF-PA-10000533,Office Supplies,Paper,Southworth Parchment Paper & Envelopes,13.08,2,0.0,6.0168
2016,CA-2017-145905,2017-09-18,2017-09-23,Standard Class,AM-10705,Anne McFarland,Consumer,United States,Auburn,Alabama,36830.0,South,OFF-ST-10003716,Office Supplies,Storage,Tennsco Double-Tier Lockers,900.08,4,0.0,117.0104
2096,US-2017-146570,2017-05-15,2017-05-20,Standard Class,SN-20710,Steve Nguyen,Home Office,United States,Jackson,Mississippi,39212.0,South,OFF-BI-10001718,Office Supplies,Binders,GBC DocuBind P50 Personal Binding Machine,511.84,8,0.0,240.5648
2097,US-2017-146570,2017-05-15,2017-05-20,Standard Class,SN-20710,Steve Nguyen,Home Office,United States,Jackson,Mississippi,39212.0,South,OFF-AR-10004602,Office Supplies,Art,Boston KS Multi-Size Manual Pencil Sharpener,91.96,4,0.0,25.7488
2098,US-2017-146570,2017-05-15,2017-05-20,Standard Class,SN-20710,Steve Nguyen,Home Office,United States,Jackson,Mississippi,39212.0,South,OFF-AR-10003856,Office Supplies,Art,Newell 344,8.34,3,0.0,2.1684
2187,CA-2017-101378,2017-07-14,2017-07-14,Same Day,RH-19600,Rob Haberlin,Consumer,United States,Huntsville,Alabama,35810.0,South,TEC-AC-10002345,Technology,Accessories,HP Standard 104 key PS/2 Keyboard,29.0,2,0.0,7.25
2197,CA-2017-136483,2017-12-01,2017-12-06,Standard Class,AG-10390,Allen Goldenen,Consumer,United States,Knoxville,Tennessee,37918.0,South,OFF-AR-10000940,Office Supplies,Art,Newell 343,4.704,2,0.2,0.4116
2206,CA-2017-164350,2017-09-10,2017-09-12,Second Class,CG-12040,Catherine Glotzbach,Home Office,United States,Bristol,Tennessee,37620.0,South,OFF-AR-10000538,Office Supplies,Art,"Boston Model 1800 Electric Pencil Sharpener, Gray",67.56,3,0.2,8.445
2264,CA-2017-131065,2017-11-14,2017-11-16,Second Class,AA-10375,Allen Armold,Consumer,United States,Atlanta,Georgia,30318.0,South,TEC-AC-10004145,Technology,Accessories,Logitech diNovo Edge Keyboard,499.98,2,0.0,114.9954
2265,CA-2017-131065,2017-11-14,2017-11-16,Second Class,AA-10375,Allen Armold,Consumer,United States,Atlanta,Georgia,30318.0,South,OFF-PA-10002479,Office Supplies,Paper,Xerox 4200 Series MultiUse Premium Copy Paper (20Lb. and 84 Bright),5.28,1,0.0,2.376
2266,CA-2017-131065,2017-11-14,2017-11-16,Second Class,AA-10375,Allen Armold,Consumer,United States,Atlanta,Georgia,30318.0,South,OFF-BI-10004970,Office Supplies,Binders,"ACCOHIDE 3-Ring Binder, Blue, 1""",8.26,2,0.0,3.8822
2286,CA-2017-112676,2017-05-05,2017-05-08,First Class,PJ-18835,Patrick Jones,Corporate,United States,Murfreesboro,Tennessee,37130.0,South,OFF-PA-10003971,Office Supplies,Paper,Xerox 1965,14.352,3,0.2,5.2026
2303,CA-2017-106558,2017-01-17,2017-01-21,Standard Class,DL-13495,Dionis Lloyd,Corporate,United States,Columbus,Georgia,31907.0,South,TEC-AC-10001142,Technology,Accessories,First Data FD10 PIN Pad,316.0,4,0.0,31.6
2341,CA-2017-137736,2017-11-10,2017-11-15,Standard Class,DC-13285,Debra Catini,Consumer,United States,Warner Robins,Georgia,31088.0,South,OFF-AR-10004999,Office Supplies,Art,Newell 315,41.86,7,0.0,10.465
2364,US-2017-108637,2017-03-13,2017-03-18,Standard Class,AB-10060,Adam Bellavance,Home Office,United States,Waynesboro,Virginia,22980.0,South,FUR-FU-10004864,Furniture,Furnishings,"Howard Miller 14-1/2"" Diameter Chrome Round Wall Clock",127.88,2,0.0,40.9216
2365,US-2017-108637,2017-03-13,2017-03-18,Standard Class,AB-10060,Adam Bellavance,Home Office,United States,Waynesboro,Virginia,22980.0,South,OFF-AP-10004540,Office Supplies,Appliances,"Eureka The Boss Lite 10-Amp Upright Vacuum, Blue",160.32,2,0.0,44.8896
2366,US-2017-108637,2017-03-13,2017-03-18,Standard Class,AB-10060,Adam Bellavance,Home Office,United States,Waynesboro,Virginia,22980.0,South,OFF-BI-10004965,Office Supplies,Binders,Ibico Covers for Plastic or Wire Binding Elements,46.0,4,0.0,20.7
2471,US-2017-135923,2017-01-22,2017-01-28,Standard Class,CM-11935,Carlos Meador,Consumer,United States,Fayetteville,North Carolina,28314.0,South,FUR-FU-10002107,Furniture,Furnishings,Eldon Pizzaz Desk Accessories,14.272,8,0.2,4.2816
2472,US-2017-135923,2017-01-22,2017-01-28,Standard Class,CM-11935,Carlos Meador,Consumer,United States,Fayetteville,North Carolina,28314.0,South,FUR-BO-10002213,Furniture,Bookcases,"Sauder Forest Hills Library, Woodland Oak Finish",451.13599999999997,4,0.2,-67.6704
2473,US-2017-135923,2017-01-22,2017-01-28,Standard Class,CM-11935,Carlos Meador,Consumer,United States,Fayetteville,North Carolina,28314.0,South,OFF-AP-10000692,Office Supplies,Appliances,Fellowes Mighty 8 Compact Surge Protector,64.86399999999999,4,0.2,6.4864
2554,CA-2017-155439,2017-09-14,2017-09-18,Standard Class,PN-18775,Parhena Norris,Home Office,United States,Columbia,South Carolina,29203.0,South,OFF-PA-10000029,Office Supplies,Paper,Xerox 224,25.92,4,0.0,12.4416
2555,CA-2017-118626,2017-08-15,2017-08-20,Standard Class,JC-15775,John Castell,Consumer,United States,Tallahassee,Florida,32303.0,South,TEC-PH-10000369,Technology,Phones,HTC One Mini,705.544,7,0.2,70.5544
2644,CA-2017-149111,2017-04-17,2017-04-21,Second Class,BF-11170,Ben Ferrer,Home Office,United States,Raleigh,North Carolina,27604.0,South,TEC-PH-10003092,Technology,Phones,Motorola L804,36.792,1,0.2,4.1391
2645,CA-2017-149111,2017-04-17,2017-04-21,Second Class,BF-11170,Ben Ferrer,Home Office,United States,Raleigh,North Carolina,27604.0,South,FUR-FU-10000206,Furniture,Furnishings,"GE General Purpose, Extra Long Life, Showcase & Floodlight Incandescent Bulbs",18.624000000000002,8,0.2,6.2856
2664,CA-2017-164784,2017-05-01,2017-05-04,First Class,HF-14995,Herbert Flentye,Consumer,United States,Memphis,Tennessee,38109.0,South,OFF-LA-10001569,Office Supplies,Labels,Avery 499,3.984,1,0.2,1.2948
2665,CA-2017-164784,2017-05-01,2017-05-04,First Class,HF-14995,Herbert Flentye,Consumer,United States,Memphis,Tennessee,38109.0,South,FUR-TA-10004534,Furniture,Tables,Bevis 44 x 96 Conference Tables,370.62,3,0.4,-142.071
2666,CA-2017-164784,2017-05-01,2017-05-04,First Class,HF-14995,Herbert Flentye,Consumer,United States,Memphis,Tennessee,38109.0,South,OFF-BI-10002954,Office Supplies,Binders,Newell 3-Hole Punched Plastic Slotted Magazine Holders for Binders,2.742,2,0.7,-2.0108
2686,CA-2017-133123,2017-09-06,2017-09-11,Standard Class,KB-16315,Karl Braun,Consumer,United States,Thomasville,North Carolina,27360.0,South,OFF-EN-10003055,Office Supplies,Envelopes,"Blue String-Tie & Button Interoffice Envelopes, 10 x 13",95.95200000000001,3,0.2,29.985
2687,CA-2017-133123,2017-09-06,2017-09-11,Standard Class,KB-16315,Karl Braun,Consumer,United States,Thomasville,North Carolina,27360.0,South,OFF-BI-10001031,Office Supplies,Binders,Pressboard Data Binders by Wilson Jones,3.2039999999999997,2,0.7,-2.4564
2723,CA-2017-164735,2017-04-14,2017-04-19,Second Class,TB-21400,Tom Boeckenhauer,Consumer,United States,Alexandria,Virginia,22304.0,South,OFF-ST-10001558,Office Supplies,Storage,Acco Perma 4000 Stacking Storage Drawers,81.2,5,0.0,12.18
2759,CA-2017-146171,2017-03-11,2017-03-15,Standard Class,JP-16135,Julie Prescott,Home Office,United States,Columbus,Georgia,31907.0,South,FUR-FU-10004270,Furniture,Furnishings,"Executive Impressions 13"" Clairmont Wall Clock",76.92,4,0.0,31.5372
2760,CA-2017-146171,2017-03-11,2017-03-15,Standard Class,JP-16135,Julie Prescott,Home Office,United States,Columbus,Georgia,31907.0,South,OFF-ST-10001526,Office Supplies,Storage,Iceberg Mobile Mega Data/Printer Cart,481.32,4,0.0,125.1432
2801,CA-2017-153318,2017-10-25,2017-10-28,First Class,JS-15595,Jill Stevenson,Corporate,United States,Miami,Florida,33180.0,South,TEC-PH-10000984,Technology,Phones,Panasonic KX-TG9471B,783.96,5,0.2,78.396
2839,CA-2017-147368,2017-06-09,2017-06-12,First Class,TC-21295,Toby Carlisle,Consumer,United States,Tallahassee,Florida,32303.0,South,TEC-MA-10002178,Technology,Machines,Cisco CP-7937G Unified IP Conference Station Phone,695.7,2,0.5,-27.828000000000003
2850,CA-2017-123617,2017-11-28,2017-12-03,Standard Class,AJ-10780,Anthony Jacobs,Corporate,United States,Palm Coast,Florida,32137.0,South,OFF-BI-10002976,Office Supplies,Binders,ACCOHIDE Binder by Acco,7.434,6,0.7,-5.6994
2858,CA-2017-154690,2017-08-15,2017-08-17,Second Class,CC-12370,Christopher Conant,Consumer,United States,Fayetteville,North Carolina,28314.0,South,FUR-CH-10000988,Furniture,Chairs,Hon Olson Stacker Stools,225.296,2,0.2,22.5296
2898,US-2017-164630,2017-01-04,2017-01-09,Standard Class,EB-13975,Erica Bern,Corporate,United States,Charlotte,North Carolina,28205.0,South,TEC-CO-10000971,Technology,Copiers,Hewlett Packard 310 Color Digital Copier,959.9680000000001,4,0.2,119.99600000000001
2986,CA-2017-139269,2017-05-25,2017-05-30,Standard Class,JB-16045,Julia Barnett,Home Office,United States,Columbus,Georgia,31907.0,South,FUR-FU-10000755,Furniture,Furnishings,Eldon Expressions Mahogany Wood Desk Collection,24.96,4,0.0,6.24
2987,CA-2017-139269,2017-05-25,2017-05-30,Standard Class,JB-16045,Julia Barnett,Home Office,United States,Columbus,Georgia,31907.0,South,OFF-PA-10002893,Office Supplies,Paper,"Wirebound Service Call Books, 5 1/2"" x 4""",19.36,2,0.0,9.2928
2988,CA-2017-139269,2017-05-25,2017-05-30,Standard Class,JB-16045,Julia Barnett,Home Office,United States,Columbus,Georgia,31907.0,South,OFF-ST-10000689,Office Supplies,Storage,"Fellowes Strictly Business Drawer File, Letter/Legal Size",1267.65,9,0.0,152.118
3009,CA-2017-124772,2017-12-05,2017-12-06,First Class,JG-15160,James Galang,Consumer,United States,Murray,Kentucky,42071.0,South,FUR-FU-10004748,Furniture,Furnishings,"Howard Miller 16"" Diameter Gallery Wall Clock",191.82,3,0.0,74.8098
3041,US-2017-147991,2017-05-05,2017-05-09,Standard Class,ZD-21925,Zuschuss Donatelli,Consumer,United States,Chattanooga,Tennessee,37421.0,South,FUR-FU-10004270,Furniture,Furnishings,"Eldon Image Series Desk Accessories, Burgundy",16.72,5,0.2,3.344
3159,US-2017-162677,2017-03-26,2017-03-27,First Class,DB-13210,Dean Braden,Consumer,United States,Jacksonville,North Carolina,28540.0,South,OFF-ST-10001291,Office Supplies,Storage,"Tenex Personal Self-Stacking Standard File Box, Black/Gray",67.64,5,0.2,5.9185
3160,US-2017-162677,2017-03-26,2017-03-27,First Class,DB-13210,Dean Braden,Consumer,United States,Jacksonville,North Carolina,28540.0,South,TEC-AC-10001314,Technology,Accessories,Case Logic 2.4GHz Wireless Keyboard,119.976,3,0.2,-17.9964
3169,CA-2017-138695,2017-05-28,2017-06-03,Standard Class,KC-16675,Kimberly Carter,Corporate,United States,Tallahassee,Florida,32303.0,South,FUR-CH-10003833,Furniture,Chairs,Novimex Fabric Task Chair,390.272,8,0.2,-24.392
3170,CA-2017-138695,2017-05-28,2017-06-03,Standard Class,KC-16675,Kimberly Carter,Corporate,United States,Tallahassee,Florida,32303.0,South,OFF-PA-10001667,Office Supplies,Paper,Great White Multi-Use Recycled Paper (20Lb. and 84 Bright),62.192,13,0.2,19.435
3196,CA-2017-169026,2017-08-08,2017-08-13,Standard Class,CM-12655,Corinna Mitchell,Home Office,United States,Jackson,Mississippi,39212.0,South,OFF-FA-10001883,Office Supplies,Fasteners,"Alliance Super-Size Bands, Assorted Sizes",23.34,3,0.0,0.2334
3242,US-2017-140809,2017-02-01,2017-02-03,First Class,CK-12760,Cyma Kinney,Corporate,United States,Arlington,Virginia,22204.0,South,OFF-ST-10002214,Office Supplies,Storage,X-Rack File for Hanging Folders,56.45,5,0.0,14.677
3258,US-2017-161844,2017-12-09,2017-12-14,Second Class,DK-12835,Damala Kotsonis,Corporate,United States,Franklin,Tennessee,37064.0,South,FUR-TA-10001676,Furniture,Tables,Hon 61000 Series Interactive Training Tables,79.97399999999999,3,0.4,-29.3238
3259,US-2017-161844,2017-12-09,2017-12-14,Second Class,DK-12835,Damala Kotsonis,Corporate,United States,Franklin,Tennessee,37064.0,South,OFF-BI-10003712,Office Supplies,Binders,"Acco Pressboard Covers with Storage Hooks, 14 7/8"" x 11"", Light Blue",2.946,2,0.7,-2.0622
3265,CA-2017-122518,2017-03-04,2017-03-08,Second Class,RF-19345,Randy Ferguson,Corporate,United States,Miami,Florida,33180.0,South,OFF-LA-10001641,Office Supplies,Labels,Avery 518,10.08,4,0.2,3.528
3312,CA-2017-162747,2017-03-20,2017-03-25,Second Class,AH-10030,Aaron Hawkins,Corporate,United States,Gulfport,Mississippi,39503.0,South,FUR-FU-10003691,Furniture,Furnishings,"Eldon Image Series Desk Accessories, Ebony",86.45,7,0.0,38.038000000000004
3456,CA-2017-166485,2017-02-20,2017-02-27,Standard Class,AH-10210,Alan Hwang,Consumer,United States,Nashville,Tennessee,37211.0,South,OFF-PA-10004996,Office Supplies,Paper,"Speediset Carbonless Redi-Letter 7"" x 8 1/2""",16.496,2,0.2,5.5674
3464,CA-2017-165470,2017-11-25,2017-11-30,Standard Class,HJ-14875,Heather Jas,Home Office,United States,Jacksonville,Florida,32216.0,South,OFF-PA-10004675,Office Supplies,Paper,"Telephone Message Books with Fax/Mobile Section, 5 1/2"" x 3 3/16""",5.08,1,0.2,1.651
3469,CA-2017-146143,2017-12-14,2017-12-19,Standard Class,MC-17845,Michael Chen,Consumer,United States,Jackson,Mississippi,39212.0,South,FUR-FU-10002045,Furniture,Furnishings,"Executive Impressions 14""",133.38,6,0.0,58.6872
3487,US-2017-134761,2017-11-30,2017-11-30,Same Day,DB-13210,Dean Braden,Consumer,United States,Hickory,North Carolina,28601.0,South,TEC-PH-10002890,Technology,Phones,AT&T 17929 Lendline Telephone,36.192,1,0.2,2.7144
3500,CA-2017-108616,2017-09-29,2017-10-03,Standard Class,JK-15730,Joe Kamberova,Consumer,United States,Mobile,Alabama,36608.0,South,TEC-AC-10000420,Technology,Accessories,Logitech G500s Laser Gaming Mouse with Adjustable Weight Tuning,209.97,3,0.0,71.3898
3501,CA-2017-108616,2017-09-29,2017-10-03,Standard Class,JK-15730,Joe Kamberova,Consumer,United States,Mobile,Alabama,36608.0,South,OFF-BI-10001989,Office Supplies,Binders,Premium Transparent Presentation Covers by GBC,62.94,3,0.0,30.2112
3502,CA-2017-108616,2017-09-29,2017-10-03,Standard Class,JK-15730,Joe Kamberova,Consumer,United States,Mobile,Alabama,36608.0,South,OFF-AR-10001149,Office Supplies,Art,"Sanford Colorific Colored Pencils, 12/Box",25.92,9,0.0,7.776
3516,CA-2017-168536,2017-12-20,2017-12-24,Standard Class,SC-20800,Stuart Calhoun,Consumer,United States,Jackson,Mississippi,39212.0,South,TEC-AC-10002323,Technology,Accessories,SanDisk Ultra 32 GB MicroSDHC Class 10 Memory Card,66.3,3,0.0,8.619
3517,US-2017-113649,2017-08-09,2017-08-12,First Class,HA-14920,Helen Andreada,Consumer,United States,Fayetteville,North Carolina,28314.0,South,OFF-PA-10000130,Office Supplies,Paper,Xerox 199,30.816,9,0.2,9.63
3518,US-2017-113649,2017-08-09,2017-08-12,First Class,HA-14920,Helen Andreada,Consumer,United States,Fayetteville,North Carolina,28314.0,South,TEC-PH-10002350,Technology,Phones,Apple EarPods with Remote and Mic,44.784,2,0.2,4.4784
3519,US-2017-113649,2017-08-09,2017-08-12,First Class,HA-14920,Helen Andreada,Consumer,United States,Fayetteville,North Carolina,28314.0,South,OFF-AP-10002518,Office Supplies,Appliances,Kensington 7 Outlet MasterPiece Power Center,569.536,4,0.2,64.0728
3579,CA-2017-104157,2017-07-25,2017-07-29,Standard Class,MT-17815,Meg Tillman,Consumer,United States,Jackson,Mississippi,39212.0,South,OFF-ST-10000321,Office Supplies,Storage,Akro Stacking Bins,7.89,1,0.0,0.3156
3580,CA-2017-104157,2017-07-25,2017-07-29,Standard Class,MT-17815,Meg Tillman,Consumer,United States,Jackson,Mississippi,39212.0,South,OFF-PA-10004665,Office Supplies,Paper,Advantus Motivational Note Cards,65.5,5,0.0,32.095
3581,CA-2017-104157,2017-07-25,2017-07-29,Standard Class,MT-17815,Meg Tillman,Consumer,United States,Jackson,Mississippi,39212.0,South,FUR-TA-10004915,Furniture,Tables,"Office Impressions End Table, 20-1/2""H x 24""W x 20""D",2430.08,8,0.0,388.8128
3621,CA-2017-109743,2017-09-22,2017-09-29,Standard Class,SH-19975,Sally Hughsby,Corporate,United States,Smyrna,Tennessee,37167.0,South,OFF-AR-10003727,Office Supplies,Art,Berol Giant Pencil Sharpener,40.775999999999996,3,0.2,4.5873
3622,CA-2017-109743,2017-09-22,2017-09-29,Standard Class,SH-19975,Sally Hughsby,Corporate,United States,Smyrna,Tennessee,37167.0,South,TEC-PH-10004071,Technology,Phones,PayAnywhere Card Reader,63.93600000000001,8,0.2,5.5944
3688,CA-2017-108567,2017-05-20,2017-05-24,Standard Class,DB-13210,Dean Braden,Consumer,United States,Port Saint Lucie,Florida,34952.0,South,OFF-BI-10004140,Office Supplies,Binders,Avery Non-Stick Binders,2.694,2,0.7,-2.245
3695,CA-2017-142097,2017-10-15,2017-10-20,Standard Class,QJ-19255,Quincy Jones,Corporate,United States,Springfield,Virginia,22153.0,South,OFF-BI-10002082,Office Supplies,Binders,GBC Twin Loop Wire Binding Elements,232.96,7,0.0,116.48
3696,CA-2017-142097,2017-10-15,2017-10-20,Standard Class,QJ-19255,Quincy Jones,Corporate,United States,Springfield,Virginia,22153.0,South,OFF-EN-10002312,Office Supplies,Envelopes,#10 Self-Seal White Envelopes,66.54,6,0.0,32.6046
3697,CA-2017-142097,2017-10-15,2017-10-20,Standard Class,QJ-19255,Quincy Jones,Corporate,United States,Springfield,Virginia,22153.0,South,OFF-AP-10000696,Office Supplies,Appliances,Holmes Odor Grabber,43.26,3,0.0,14.2758
3718,CA-2017-142370,2017-09-19,2017-09-23,Standard Class,TP-21130,Theone Pippenger,Consumer,United States,Columbus,Georgia,31907.0,South,OFF-SU-10003002,Office Supplies,Supplies,Letter Slitter,5.04,2,0.0,0.1512
3719,CA-2017-142370,2017-09-19,2017-09-23,Standard Class,TP-21130,Theone Pippenger,Consumer,United States,Columbus,Georgia,31907.0,South,TEC-AC-10002926,Technology,Accessories,Logitech Wireless Marathon Mouse M705,249.95,5,0.0,107.4785
3721,CA-2017-151155,2017-12-20,2017-12-24,Standard Class,AB-10255,Alejandro Ballentine,Home Office,United States,Jackson,Mississippi,39212.0,South,FUR-FU-10001918,Furniture,Furnishings,C-Line Cubicle Keepers Polyproplyene Holder With Velcro Backings,18.92,4,0.0,7.3788
3722,CA-2017-151155,2017-12-20,2017-12-24,Standard Class,AB-10255,Alejandro Ballentine,Home Office,United States,Jackson,Mississippi,39212.0,South,OFF-BI-10003910,Office Supplies,Binders,DXL Angle-View Binders with Locking Rings by Samsill,15.42,2,0.0,6.939
3746,CA-2017-149979,2017-09-23,2017-09-28,Second Class,RA-19915,Russell Applegate,Consumer,United States,Columbus,Georgia,31907.0,South,OFF-ST-10003058,Office Supplies,Storage,Eldon Mobile Mega Data Cart  Mega Stackable  Add-On Trays,118.25,5,0.0,34.2925
3747,CA-2017-149979,2017-09-23,2017-09-28,Second Class,RA-19915,Russell Applegate,Consumer,United States,Columbus,Georgia,31907.0,South,FUR-CH-10002084,Furniture,Chairs,Hon Mobius Operator's Chair,368.97,3,0.0,81.1734
3801,CA-2017-156503,2017-10-14,2017-10-20,Standard Class,NC-18415,Nathan Cano,Consumer,United States,Jacksonville,North Carolina,28540.0,South,FUR-CH-10003606,Furniture,Chairs,SAFCO Folding Chair Trolley,102.59200000000001,1,0.2,10.2592
3802,CA-2017-156503,2017-10-14,2017-10-20,Standard Class,NC-18415,Nathan Cano,Consumer,United States,Jacksonville,North Carolina,28540.0,South,TEC-AC-10002473,Technology,Accessories,Maxell 4.7GB DVD-R,22.704,1,0.2,5.9598
3803,CA-2017-156503,2017-10-14,2017-10-20,Standard Class,NC-18415,Nathan Cano,Consumer,United States,Jacksonville,North Carolina,28540.0,South,OFF-PA-10002319,Office Supplies,Paper,Xerox 1944,93.024,3,0.2,33.7212
3804,CA-2017-156503,2017-10-14,2017-10-20,Standard Class,NC-18415,Nathan Cano,Consumer,United States,Jacksonville,North Carolina,28540.0,South,OFF-SU-10000946,Office Supplies,Supplies,Staple remover,12.767999999999999,2,0.2,1.4364
3805,CA-2017-156503,2017-10-14,2017-10-20,Standard Class,NC-18415,Nathan Cano,Consumer,United States,Jacksonville,North Carolina,28540.0,South,OFF-EN-10001335,Office Supplies,Envelopes,"White Business Envelopes with Contemporary Seam, Recycled White Business Envelopes",35.008,4,0.2,13.128
3806,CA-2017-156503,2017-10-14,2017-10-20,Standard Class,NC-18415,Nathan Cano,Consumer,United States,Jacksonville,North Carolina,28540.0,South,OFF-PA-10002377,Office Supplies,Paper,Xerox 1916,39.152,1,0.2,14.682
3815,CA-2017-152471,2017-07-08,2017-07-08,Same Day,ZD-21925,Zuschuss Donatelli,Consumer,United States,Jacksonville,Florida,32216.0,South,TEC-PH-10002824,Technology,Phones,Jabra SPEAK 410 Multidevice Speakerphone,823.96,5,0.2,51.4975
3816,CA-2017-152471,2017-07-08,2017-07-08,Same Day,ZD-21925,Zuschuss Donatelli,Consumer,United States,Jacksonville,Florida,32216.0,South,OFF-PA-10004965,Office Supplies,Paper,Xerox 1921,15.984000000000002,2,0.2,4.995
3874,CA-2017-136231,2017-09-05,2017-09-07,Second Class,DM-13015,Darrin Martin,Consumer,United States,Johnson City,Tennessee,37604.0,South,OFF-EN-10001099,Office Supplies,Envelopes,Staple envelope,23.471999999999998,3,0.2,7.6284
3875,CA-2017-136231,2017-09-05,2017-09-07,Second Class,DM-13015,Darrin Martin,Consumer,United States,Johnson City,Tennessee,37604.0,South,OFF-BI-10001597,Office Supplies,Binders,"Wilson Jones Ledger-Size, Piano-Hinge Binder, 2"", Blue",86.05799999999999,7,0.7,-63.1092
3876,CA-2017-136231,2017-09-05,2017-09-07,Second Class,DM-13015,Darrin Martin,Consumer,United States,Johnson City,Tennessee,37604.0,South,TEC-PH-10002660,Technology,Phones,Nortel Networks T7316 E Nt8 B27,108.78399999999999,2,0.2,6.7989999999999995
3877,CA-2017-136231,2017-09-05,2017-09-07,Second Class,DM-13015,Darrin Martin,Consumer,United States,Johnson City,Tennessee,37604.0,South,OFF-PA-10000327,Office Supplies,Paper,Xerox 1971,10.272,3,0.2,3.21
3878,CA-2017-140641,2017-10-28,2017-11-02,Standard Class,EP-13915,Emily Phan,Consumer,United States,Tampa,Florida,33614.0,South,OFF-BI-10001191,Office Supplies,Binders,Canvas Sectional Post Binders,38.19,5,0.7,-26.733
3958,CA-2017-156573,2017-05-29,2017-06-02,Standard Class,RB-19360,Raymond Buch,Consumer,United States,Nashville,Tennessee,37211.0,South,OFF-BI-10002414,Office Supplies,Binders,GBC ProClick Spines for 32-Hole Punch,11.277000000000001,3,0.7,-8.6457
3959,CA-2017-156573,2017-05-29,2017-06-02,Standard Class,RB-19360,Raymond Buch,Consumer,United States,Nashville,Tennessee,37211.0,South,OFF-AR-10003732,Office Supplies,Art,Newell 333,4.448,2,0.2,0.3336
3960,CA-2017-156573,2017-05-29,2017-06-02,Standard Class,RB-19360,Raymond Buch,Consumer,United States,Nashville,Tennessee,37211.0,South,FUR-FU-10001085,Furniture,Furnishings,3M Polarizing Light Filter Sleeves,44.76,3,0.2,14.547
3977,US-2017-116400,2017-10-22,2017-10-24,First Class,EB-13930,Eric Barreto,Consumer,United States,Richmond,Virginia,23223.0,South,FUR-FU-10003731,Furniture,Furnishings,"Eldon Expressions Wood and Plastic Desk Accessories, Oak",39.92,4,0.0,11.1776
3989,US-2017-159415,2017-04-17,2017-04-22,Standard Class,CS-12175,Charles Sheldon,Corporate,United States,Columbia,Tennessee,38401.0,South,FUR-FU-10003798,Furniture,Furnishings,"Ultra Door Kickplate, 8""H x 34""W",79.12,5,0.2,13.845999999999998
4155,CA-2017-139689,2017-12-29,2018-01-03,Standard Class,MP-17965,Michael Paige,Corporate,United States,Bristol,Tennessee,37620.0,South,OFF-BI-10004781,Office Supplies,Binders,GBC Wire Binding Strips,38.088,4,0.7,-27.9312
4156,CA-2017-139689,2017-12-29,2018-01-03,Standard Class,MP-17965,Michael Paige,Corporate,United States,Bristol,Tennessee,37620.0,South,OFF-BI-10000145,Office Supplies,Binders,Zipper Ring Binder Pockets,2.8080000000000003,3,0.7,-1.9656
4160,US-2017-164588,2017-04-16,2017-04-23,Standard Class,AP-10915,Arthur Prichep,Consumer,United States,Columbus,Georgia,31907.0,South,OFF-AR-10003056,Office Supplies,Art,Newell 341,12.84,3,0.0,3.7236
4173,CA-2017-152163,2017-07-01,2017-07-01,Same Day,JF-15355,Jay Fein,Consumer,United States,Columbia,South Carolina,29203.0,South,OFF-BI-10002215,Office Supplies,Binders,"Wilson Jones Hanging View Binder, White, 1""",14.2,2,0.0,6.532
4174,CA-2017-152163,2017-07-01,2017-07-01,Same Day,JF-15355,Jay Fein,Consumer,United States,Columbia,South Carolina,29203.0,South,OFF-PA-10000788,Office Supplies,Paper,Xerox 210,12.96,2,0.0,6.2208
4175,CA-2017-152163,2017-07-01,2017-07-01,Same Day,JF-15355,Jay Fein,Consumer,United States,Columbia,South Carolina,29203.0,South,OFF-BI-10003364,Office Supplies,Binders,Binding Machine Supplies,58.34,2,0.0,28.0032
4243,CA-2017-159142,2017-04-04,2017-04-05,First Class,ME-17320,Maria Etezadi,Home Office,United States,Springfield,Virginia,22153.0,South,TEC-PH-10001448,Technology,Phones,Anker Astro 15000mAh USB Portable Charger,149.97,3,0.0,5.9988
4244,CA-2017-159142,2017-04-04,2017-04-05,First Class,ME-17320,Maria Etezadi,Home Office,United States,Springfield,Virginia,22153.0,South,OFF-PA-10001776,Office Supplies,Paper,"Wirebound Message Books, Four 2 3/4"" x 5"" Forms per Page, 600 Sets per Book",27.81,3,0.0,13.0707
4431,CA-2017-168893,2017-11-03,2017-11-08,Second Class,AP-10915,Arthur Prichep,Consumer,United States,Henderson,Kentucky,42420.0,South,OFF-FA-10002280,Office Supplies,Fasteners,Advantus Plastic Paper Clips,20.0,4,0.0,9.6
4432,CA-2017-168893,2017-11-03,2017-11-08,Second Class,AP-10915,Arthur Prichep,Consumer,United States,Henderson,Kentucky,42420.0,South,OFF-AR-10001770,Office Supplies,Art,Economy #2 Pencils,7.98,3,0.0,2.0748
4433,CA-2017-168893,2017-11-03,2017-11-08,Second Class,AP-10915,Arthur Prichep,Consumer,United States,Henderson,Kentucky,42420.0,South,FUR-FU-10002885,Furniture,Furnishings,Magna Visual Magnetic Picture Hangers,24.1,5,0.0,9.158
4434,CA-2017-168893,2017-11-03,2017-11-08,Second Class,AP-10915,Arthur Prichep,Consumer,United States,Henderson,Kentucky,42420.0,South,OFF-AR-10003772,Office Supplies,Art,Boston 16750 Black Compact Battery Pencil Sharpener,8.75,1,0.0,2.625
4435,CA-2017-168893,2017-11-03,2017-11-08,Second Class,AP-10915,Arthur Prichep,Consumer,United States,Henderson,Kentucky,42420.0,South,FUR-TA-10003392,Furniture,Tables,Global Adaptabilities Conference Tables,842.94,3,0.0,160.1586
4515,CA-2017-120873,2017-10-27,2017-11-01,Second Class,BW-11200,Ben Wallace,Consumer,United States,Hampton,Virginia,23666.0,South,FUR-CH-10000847,Furniture,Chairs,Global Executive Mid-Back Manager's Chair,290.98,1,0.0,75.6548
4612,CA-2017-109407,2017-01-24,2017-01-26,Second Class,HG-14965,Henry Goldwyn,Corporate,United States,Gulfport,Mississippi,39503.0,South,OFF-BI-10000285,Office Supplies,Binders,XtraLife ClearVue Slant-D Ring Binders by Cardinal,31.36,4,0.0,15.68
4613,US-2017-165953,2017-12-31,2018-01-06,Standard Class,EP-13915,Emily Phan,Consumer,United States,Jacksonville,Florida,32216.0,South,OFF-AR-10000588,Office Supplies,Art,Newell 345,47.61600000000001,3,0.2,3.5712
4614,US-2017-165953,2017-12-31,2018-01-06,Standard Class,EP-13915,Emily Phan,Consumer,United States,Jacksonville,Florida,32216.0,South,OFF-PA-10002250,Office Supplies,Paper,Things To Do Today Pad,23.48,5,0.2,8.218
4640,CA-2017-102162,2017-09-11,2017-09-16,Standard Class,JF-15565,Jill Fjeld,Consumer,United States,Newport News,Virginia,23602.0,South,TEC-CO-10001943,Technology,Copiers,Canon PC-428 Personal Copier,1599.92,8,0.0,751.9624
4641,CA-2017-102162,2017-09-11,2017-09-16,Standard Class,JF-15565,Jill Fjeld,Consumer,United States,Newport News,Virginia,23602.0,South,OFF-EN-10002312,Office Supplies,Envelopes,#10 Self-Seal White Envelopes,11.09,1,0.0,5.4341
4664,CA-2017-111409,2017-09-18,2017-09-22,Standard Class,PO-18850,Patrick O'Brill,Consumer,United States,Jacksonville,Florida,32216.0,South,OFF-LA-10002787,Office Supplies,Labels,Avery 480,3.0,1,0.2,1.05
4665,CA-2017-116232,2017-09-22,2017-09-26,Standard Class,AC-10450,Amy Cox,Consumer,United States,Pembroke Pines,Florida,33024.0,South,OFF-BI-10004022,Office Supplies,Binders,Acco Suede Grain Vinyl Round Ring Binder,7.506,9,0.7,-6.0048
4666,CA-2017-116232,2017-09-22,2017-09-26,Standard Class,AC-10450,Amy Cox,Consumer,United States,Pembroke Pines,Florida,33024.0,South,OFF-LA-10001158,Office Supplies,Labels,"Avery Address/Shipping Labels for Typewriters, 4"" x 2""",16.56,2,0.2,5.796
4683,CA-2017-127698,2017-12-01,2017-12-01,Same Day,MV-18190,Mike Vittorini,Consumer,United States,Raleigh,North Carolina,27604.0,South,TEC-PH-10003811,Technology,Phones,Jabra Supreme Plus Driver Edition�Headset,863.928,9,0.2,86.3928
4724,CA-2017-159653,2017-05-22,2017-05-22,Same Day,JF-15490,Jeremy Farry,Consumer,United States,Athens,Georgia,30605.0,South,OFF-LA-10004345,Office Supplies,Labels,Avery 493,14.73,3,0.0,7.2177
4725,CA-2017-131968,2017-11-11,2017-11-15,Standard Class,LB-16795,Laurel Beltran,Home Office,United States,Apopka,Florida,32712.0,South,OFF-BI-10002852,Office Supplies,Binders,Ibico Standard Transparent Covers,9.888,2,0.7,-6.9216
4726,CA-2017-131968,2017-11-11,2017-11-15,Standard Class,LB-16795,Laurel Beltran,Home Office,United States,Apopka,Florida,32712.0,South,OFF-AP-10001058,Office Supplies,Appliances,Sanyo 2.5 Cubic Foot Mid-Size Office Refrigerators,671.544,3,0.2,50.3658
4752,CA-2017-159989,2017-12-09,2017-12-13,Standard Class,EB-13870,Emily Burns,Consumer,United States,Franklin,Tennessee,37064.0,South,TEC-PH-10000169,Technology,Phones,ARKON Windshield Dashboard Air Vent Car Mount Holder,40.68,3,0.2,-9.152999999999999
4797,US-2017-148901,2017-05-14,2017-05-19,Standard Class,MK-17905,Michael Kennedy,Corporate,United States,Jacksonville,Florida,32216.0,South,OFF-BI-10001718,Office Supplies,Binders,GBC DocuBind P50 Personal Binding Machine,57.582,3,0.7,-44.1462
4798,US-2017-148901,2017-05-14,2017-05-19,Standard Class,MK-17905,Michael Kennedy,Corporate,United States,Jacksonville,Florida,32216.0,South,OFF-PA-10004983,Office Supplies,Paper,Xerox 23,31.104,6,0.2,10.8864
4799,US-2017-148901,2017-05-14,2017-05-19,Standard Class,MK-17905,Michael Kennedy,Corporate,United States,Jacksonville,Florida,32216.0,South,FUR-FU-10002396,Furniture,Furnishings,"DAX Copper Panel Document Frame, 5 x 7 Size",30.191999999999997,3,0.2,8.3028
4800,US-2017-148901,2017-05-14,2017-05-19,Standard Class,MK-17905,Michael Kennedy,Corporate,United States,Jacksonville,Florida,32216.0,South,TEC-PH-10003988,Technology,Phones,"LF Elite 3D Dazzle Designer Hard Case Cover, Lf Stylus Pen and Wiper For Apple Iphone 5c Mini Lite",43.6,5,0.2,4.36
4801,US-2017-148901,2017-05-14,2017-05-19,Standard Class,MK-17905,Michael Kennedy,Corporate,United States,Jacksonville,Florida,32216.0,South,OFF-AR-10002467,Office Supplies,Art,Dixon Ticonderoga Pencils,4.768,2,0.2,0.4172
4802,US-2017-148901,2017-05-14,2017-05-19,Standard Class,MK-17905,Michael Kennedy,Corporate,United States,Jacksonville,Florida,32216.0,South,OFF-BI-10004002,Office Supplies,Binders,Wilson Jones International Size A4 Ring Binders,10.38,2,0.7,-7.612
4803,US-2017-148901,2017-05-14,2017-05-19,Standard Class,MK-17905,Michael Kennedy,Corporate,United States,Jacksonville,Florida,32216.0,South,OFF-BI-10002309,Office Supplies,Binders,Avery Heavy-Duty EZD  Binder With Locking Rings,13.392000000000001,8,0.7,-9.8208
4879,US-2017-131891,2017-07-29,2017-07-31,First Class,PW-19240,Pierre Wener,Consumer,United States,Pensacola,Florida,32503.0,South,OFF-BI-10000201,Office Supplies,Binders,"Avery Triangle Shaped Sheet Lifters, Black, 2/Pack",2.214,3,0.7,-1.476
4887,CA-2017-163167,2017-11-28,2017-12-01,Second Class,RF-19345,Randy Ferguson,Corporate,United States,Marietta,Georgia,30062.0,South,FUR-CH-10004477,Furniture,Chairs,"Global Push Button Manager's Chair, Indigo",182.67,3,0.0,52.9743
4888,CA-2017-163167,2017-11-28,2017-12-01,Second Class,RF-19345,Randy Ferguson,Corporate,United States,Marietta,Georgia,30062.0,South,TEC-AC-10003441,Technology,Accessories,Kingston Digital DataTraveler 32GB USB 2.0,101.7,6,0.0,6.102
4889,CA-2017-163167,2017-11-28,2017-12-01,Second Class,RF-19345,Randy Ferguson,Corporate,United States,Marietta,Georgia,30062.0,South,OFF-ST-10004459,Office Supplies,Storage,Tennsco Single-Tier Lockers,1126.02,3,0.0,56.301
4890,CA-2017-163167,2017-11-28,2017-12-01,Second Class,RF-19345,Randy Ferguson,Corporate,United States,Marietta,Georgia,30062.0,South,OFF-ST-10003805,Office Supplies,Storage,"24 Capacity Maxi Data Binder Racks, Pearl",1263.3,6,0.0,315.825
4965,CA-2017-141180,2017-05-15,2017-05-19,Second Class,DP-13000,Darren Powers,Consumer,United States,Fort Lauderdale,Florida,33311.0,South,OFF-BI-10000301,Office Supplies,Binders,GBC Instant Report Kit,7.763999999999999,4,0.7,-5.176
4971,US-2017-153815,2017-11-06,2017-11-09,First Class,KL-16555,Kelly Lampkin,Corporate,United States,Jacksonville,Florida,32216.0,South,FUR-CH-10000513,Furniture,Chairs,High-Back Leather Manager's Chair,207.984,2,0.2,-28.5978
4972,US-2017-153815,2017-11-06,2017-11-09,First Class,KL-16555,Kelly Lampkin,Corporate,United States,Jacksonville,Florida,32216.0,South,OFF-PA-10002421,Office Supplies,Paper,Embossed Ink Jet Note Cards,36.111999999999995,2,0.2,12.6392
4973,US-2017-153815,2017-11-06,2017-11-09,First Class,KL-16555,Kelly Lampkin,Corporate,United States,Jacksonville,Florida,32216.0,South,FUR-FU-10004090,Furniture,Furnishings,"Executive Impressions 14"" Contract Wall Clock",35.568000000000005,2,0.2,5.7798
4974,US-2017-153815,2017-11-06,2017-11-09,First Class,KL-16555,Kelly Lampkin,Corporate,United States,Jacksonville,Florida,32216.0,South,OFF-PA-10004071,Office Supplies,Paper,"Eaton Premium Continuous-Feed Paper, 25% Cotton, Letter Size, White, 1000 Shts/Box",88.76799999999999,2,0.2,31.0688
5002,CA-2017-136126,2017-05-24,2017-05-24,Same Day,EH-14125,Eugene Hildebrand,Home Office,United States,Newport News,Virginia,23602.0,South,OFF-SU-10000898,Office Supplies,Supplies,"Acme Hot Forged Carbon Steel Scissors with Nickel-Plated Handles, 3 7/8"" Cut, 8""L",69.5,5,0.0,20.155
5003,CA-2017-136126,2017-05-24,2017-05-24,Same Day,EH-14125,Eugene Hildebrand,Home Office,United States,Newport News,Virginia,23602.0,South,OFF-PA-10004327,Office Supplies,Paper,Xerox 1911,191.6,4,0.0,91.96799999999999
5060,CA-2017-109722,2017-12-05,2017-12-07,Second Class,TP-21130,Theone Pippenger,Consumer,United States,Georgetown,Kentucky,40324.0,South,TEC-PH-10000560,Technology,Phones,Samsung Galaxy S III - 16GB - pebble blue (T-Mobile),699.98,2,0.0,195.9944
5061,CA-2017-109722,2017-12-05,2017-12-07,Second Class,TP-21130,Theone Pippenger,Consumer,United States,Georgetown,Kentucky,40324.0,South,OFF-ST-10000060,Office Supplies,Storage,Fellowes Bankers Box Staxonsteel Drawer File/Stacking System,584.82,9,0.0,70.1784
5083,CA-2017-155138,2017-09-08,2017-09-12,Standard Class,JM-15580,Jill Matthias,Consumer,United States,Monroe,North Carolina,28110.0,South,TEC-AC-10004209,Technology,Accessories,Memorex Froggy Flash Drive 4 GB,35.168,4,0.2,8.3524
5084,CA-2017-155138,2017-09-08,2017-09-12,Standard Class,JM-15580,Jill Matthias,Consumer,United States,Monroe,North Carolina,28110.0,South,OFF-PA-10000501,Office Supplies,Paper,Petty Cash Envelope,64.704,3,0.2,23.4552
5244,CA-2017-149454,2017-07-25,2017-07-26,First Class,KM-16375,Katherine Murray,Home Office,United States,Arlington,Virginia,22204.0,South,OFF-BI-10003694,Office Supplies,Binders,"Avery 3 1/2"" Diskette Storage Pages, 10/Pack",10.44,1,0.0,4.8024
5251,US-2017-169369,2017-12-12,2017-12-18,Standard Class,EC-14050,Erin Creighton,Consumer,United States,Columbus,Georgia,31907.0,South,TEC-AC-10001314,Technology,Accessories,Case Logic 2.4GHz Wireless Keyboard,249.95,5,0.0,19.996
5252,US-2017-169369,2017-12-12,2017-12-18,Standard Class,EC-14050,Erin Creighton,Consumer,United States,Columbus,Georgia,31907.0,South,OFF-PA-10004438,Office Supplies,Paper,Xerox 1907,49.12,4,0.0,23.0864
5274,US-2017-158309,2017-11-26,2017-11-29,First Class,PA-19060,Pete Armstrong,Home Office,United States,Miami,Florida,33142.0,South,OFF-BI-10000145,Office Supplies,Binders,Zipper Ring Binder Pockets,3.7439999999999998,4,0.7,-2.6208
5301,CA-2017-113831,2017-05-30,2017-06-03,Standard Class,AH-10690,Anna H�berlin,Corporate,United States,Springfield,Virginia,22153.0,South,FUR-TA-10002645,Furniture,Tables,Hon Rectangular Conference Tables,2275.5,10,0.0,386.835
5302,CA-2017-113831,2017-05-30,2017-06-03,Standard Class,AH-10690,Anna H�berlin,Corporate,United States,Springfield,Virginia,22153.0,South,TEC-AC-10003033,Technology,Accessories,Plantronics CS510 - Over-the-Head monaural Wireless Headset System,1979.7,6,0.0,653.3009999999999
5303,CA-2017-113831,2017-05-30,2017-06-03,Standard Class,AH-10690,Anna H�berlin,Corporate,United States,Springfield,Virginia,22153.0,South,OFF-LA-10001297,Office Supplies,Labels,Avery 473,62.1,6,0.0,29.808000000000003
5312,CA-2017-123414,2017-08-21,2017-08-27,Standard Class,SU-20665,Stephanie Ulpright,Home Office,United States,Greenville,North Carolina,27834.0,South,OFF-LA-10004559,Office Supplies,Labels,Avery 49,9.216000000000001,4,0.2,3.3408
5313,CA-2017-123414,2017-08-21,2017-08-27,Standard Class,SU-20665,Stephanie Ulpright,Home Office,United States,Greenville,North Carolina,27834.0,South,OFF-SU-10002573,Office Supplies,Supplies,"Acme 10"" Easy Grip Assistive Scissors",28.048000000000002,2,0.2,3.5060000000000002
5316,CA-2017-154060,2017-05-02,2017-05-08,Standard Class,DL-12865,Dan Lawera,Consumer,United States,Greensboro,North Carolina,27405.0,South,FUR-CH-10002304,Furniture,Chairs,"Global Stack Chair without Arms, Black",187.05599999999998,9,0.2,11.690999999999999
5354,US-2017-101616,2017-09-03,2017-09-06,First Class,CY-12745,Craig Yedwab,Corporate,United States,Monroe,Louisiana,71203.0,South,OFF-BI-10000014,Office Supplies,Binders,Heavy-Duty E-Z-D Binders,87.28,8,0.0,41.0216
5508,CA-2017-150000,2017-04-08,2017-04-14,Standard Class,PG-18820,Patrick Gardner,Consumer,United States,Smyrna,Georgia,30080.0,South,OFF-EN-10002973,Office Supplies,Envelopes,Ampad #10 Peel & Seel Holiday Envelopes,17.92,4,0.0,8.6016
5517,US-2017-138408,2017-11-18,2017-11-21,Second Class,KC-16255,Karen Carlisle,Corporate,United States,Huntsville,Alabama,35810.0,South,TEC-AC-10003870,Technology,Accessories,Logitech�Z-906 Speaker sys - home theater - 5.1-CH,1319.96,4,0.0,527.984
5532,US-2017-167472,2017-06-06,2017-06-07,First Class,CK-12595,Clytie Kelty,Consumer,United States,Little Rock,Arkansas,72209.0,South,TEC-AC-10001109,Technology,Accessories,Logitech Trackman Marble Mouse,179.94,6,0.0,75.5748
5533,US-2017-167472,2017-06-06,2017-06-07,First Class,CK-12595,Clytie Kelty,Consumer,United States,Little Rock,Arkansas,72209.0,South,TEC-AC-10003038,Technology,Accessories,Kingston Digital DataTraveler 16GB USB 2.0,26.85,3,0.0,5.1015
5534,US-2017-167472,2017-06-06,2017-06-07,First Class,CK-12595,Clytie Kelty,Consumer,United States,Little Rock,Arkansas,72209.0,South,TEC-AC-10003174,Technology,Accessories,Plantronics S12 Corded Telephone Headset System,323.37,3,0.0,129.34799999999998
5535,US-2017-167472,2017-06-06,2017-06-07,First Class,CK-12595,Clytie Kelty,Consumer,United States,Little Rock,Arkansas,72209.0,South,OFF-PA-10000157,Office Supplies,Paper,Xerox 191,59.94,3,0.0,28.1718
5536,US-2017-167472,2017-06-06,2017-06-07,First Class,CK-12595,Clytie Kelty,Consumer,United States,Little Rock,Arkansas,72209.0,South,OFF-BI-10001721,Office Supplies,Binders,Trimflex Flexible Post Binders,64.14,3,0.0,30.7872
5537,US-2017-167472,2017-06-06,2017-06-07,First Class,CK-12595,Clytie Kelty,Consumer,United States,Little Rock,Arkansas,72209.0,South,OFF-BI-10000591,Office Supplies,Binders,Avery Binder Labels,11.67,3,0.0,5.6016
5538,US-2017-167472,2017-06-06,2017-06-07,First Class,CK-12595,Clytie Kelty,Consumer,United States,Little Rock,Arkansas,72209.0,South,OFF-PA-10001534,Office Supplies,Paper,Xerox 230,12.96,2,0.0,6.2208
5606,CA-2017-134516,2017-09-20,2017-09-25,Standard Class,FM-14215,Filia McAdams,Corporate,United States,Greensboro,North Carolina,27405.0,South,FUR-FU-10001546,Furniture,Furnishings,Dana Swing-Arm Lamps,17.088,2,0.2,1.068
5607,CA-2017-134516,2017-09-20,2017-09-25,Standard Class,FM-14215,Filia McAdams,Corporate,United States,Greensboro,North Carolina,27405.0,South,FUR-CH-10002880,Furniture,Chairs,"Global High-Back Leather Tilter, Burgundy",98.39200000000001,1,0.2,-11.0691
5643,CA-2017-127985,2017-04-01,2017-04-05,Second Class,DB-12910,Daniel Byrd,Home Office,United States,Columbus,Georgia,31907.0,South,FUR-FU-10003274,Furniture,Furnishings,Regeneration Desk Collection,7.04,4,0.0,3.0976
5747,CA-2017-113733,2017-12-08,2017-12-12,Standard Class,LH-16900,Lena Hernandez,Consumer,United States,Greenville,North Carolina,27834.0,South,TEC-PH-10002496,Technology,Phones,Cisco SPA301,249.584,2,0.2,31.198
5748,CA-2017-113733,2017-12-08,2017-12-12,Standard Class,LH-16900,Lena Hernandez,Consumer,United States,Greenville,North Carolina,27834.0,South,TEC-AC-10002473,Technology,Accessories,Maxell 4.7GB DVD-R,68.112,3,0.2,17.8794
5749,CA-2017-113733,2017-12-08,2017-12-12,Standard Class,LH-16900,Lena Hernandez,Consumer,United States,Greenville,North Carolina,27834.0,South,TEC-AC-10004877,Technology,Accessories,Imation�30456 USB�Flash Drive�8GB,16.56,3,0.2,-2.484
5754,CA-2017-118514,2017-02-03,2017-02-10,Standard Class,LC-17050,Liz Carlisle,Consumer,United States,Richmond,Kentucky,40475.0,South,FUR-CH-10000015,Furniture,Chairs,Hon Multipurpose Stacking Arm Chairs,866.4,4,0.0,225.264
5807,CA-2017-149783,2017-09-04,2017-09-07,Second Class,DL-13315,Delfina Latchford,Consumer,United States,Knoxville,Tennessee,37918.0,South,OFF-PA-10002195,Office Supplies,Paper,"RSVP Cards & Envelopes, Blank White, 8-1/2"" X 11"", 24 Cards/25 Envelopes/Set",12.192,3,0.2,4.1148
5808,CA-2017-149783,2017-09-04,2017-09-07,Second Class,DL-13315,Delfina Latchford,Consumer,United States,Knoxville,Tennessee,37918.0,South,OFF-AP-10001205,Office Supplies,Appliances,Belkin 5 Outlet SurgeMaster Power Centers,87.16799999999999,2,0.2,8.7168
5809,CA-2017-149783,2017-09-04,2017-09-07,Second Class,DL-13315,Delfina Latchford,Consumer,United States,Knoxville,Tennessee,37918.0,South,OFF-AR-10002987,Office Supplies,Art,Prismacolor Color Pencil Set,31.744,2,0.2,8.3328
5810,CA-2017-125017,2017-02-06,2017-02-11,Standard Class,KB-16240,Karen Bern,Corporate,United States,Chattanooga,Tennessee,37421.0,South,FUR-FU-10000723,Furniture,Furnishings,"Deflect-o EconoMat Studded, No Bevel Mat for Low Pile Carpeting",132.224,4,0.2,-18.1808
5833,CA-2017-142895,2017-07-21,2017-07-26,Standard Class,BP-11290,Beth Paige,Consumer,United States,Concord,North Carolina,28027.0,South,OFF-LA-10000262,Office Supplies,Labels,Avery 494,6.263999999999999,3,0.2,2.0358
5834,CA-2017-142895,2017-07-21,2017-07-26,Standard Class,BP-11290,Beth Paige,Consumer,United States,Concord,North Carolina,28027.0,South,FUR-CH-10002961,Furniture,Chairs,"Leather Task Chair, Black",363.92,5,0.2,0.0
5862,CA-2017-101525,2017-05-01,2017-05-04,Second Class,CM-12235,Chris McAfee,Consumer,United States,Little Rock,Arkansas,72209.0,South,OFF-PA-10001497,Office Supplies,Paper,Xerox 1914,109.92,2,0.0,53.8608
5863,CA-2017-101525,2017-05-01,2017-05-04,Second Class,CM-12235,Chris McAfee,Consumer,United States,Little Rock,Arkansas,72209.0,South,OFF-PA-10003936,Office Supplies,Paper,Xerox 1994,19.44,3,0.0,9.3312
5864,CA-2017-101525,2017-05-01,2017-05-04,Second Class,CM-12235,Chris McAfee,Consumer,United States,Little Rock,Arkansas,72209.0,South,OFF-AR-10000716,Office Supplies,Art,DIXON Ticonderoga Erasable Checking Pencils,11.16,2,0.0,4.3524
5975,CA-2017-135636,2017-10-08,2017-10-13,Standard Class,DB-13615,Doug Bickford,Consumer,United States,Charlotte,North Carolina,28205.0,South,OFF-ST-10000676,Office Supplies,Storage,Fellowes Econo/Stor Drawers,387.72,5,0.2,-67.851
5985,CA-2017-163776,2017-07-19,2017-07-25,Standard Class,JS-16030,Joy Smith,Consumer,United States,Hattiesburg,Mississippi,39401.0,South,FUR-FU-10001185,Furniture,Furnishings,"Advantus Employee of the Month Certificate Frame, 11 x 13-1/2",185.58,6,0.0,76.0878
5986,CA-2017-163776,2017-07-19,2017-07-25,Standard Class,JS-16030,Joy Smith,Consumer,United States,Hattiesburg,Mississippi,39401.0,South,OFF-BI-10003007,Office Supplies,Binders,"Premium Transparent Presentation Covers, No Pattern/Clear, 8 1/2"" x 11""",77.56,2,0.0,35.6776
5987,CA-2017-163776,2017-07-19,2017-07-25,Standard Class,JS-16030,Joy Smith,Consumer,United States,Hattiesburg,Mississippi,39401.0,South,OFF-ST-10002485,Office Supplies,Storage,Rogers Deluxe File Chest,87.92,4,0.0,0.8792
5988,CA-2017-163776,2017-07-19,2017-07-25,Standard Class,JS-16030,Joy Smith,Consumer,United States,Hattiesburg,Mississippi,39401.0,South,OFF-PA-10001033,Office Supplies,Paper,Xerox 1893,245.94,6,0.0,120.5106
5989,CA-2017-163776,2017-07-19,2017-07-25,Standard Class,JS-16030,Joy Smith,Consumer,United States,Hattiesburg,Mississippi,39401.0,South,OFF-BI-10000404,Office Supplies,Binders,Avery Printable Repositionable Plastic Tabs,8.6,1,0.0,4.042
5990,CA-2017-163776,2017-07-19,2017-07-25,Standard Class,JS-16030,Joy Smith,Consumer,United States,Hattiesburg,Mississippi,39401.0,South,FUR-BO-10003546,Furniture,Bookcases,Hon 4-Shelf Metal Bookcases,504.9,5,0.0,126.225
6021,US-2017-156692,2017-08-13,2017-08-13,Same Day,HG-15025,Hunter Glantz,Consumer,United States,Kenner,Louisiana,70065.0,South,OFF-AP-10002222,Office Supplies,Appliances,Staple holder,17.34,2,0.0,4.6818
6022,US-2017-156692,2017-08-13,2017-08-13,Same Day,HG-15025,Hunter Glantz,Consumer,United States,Kenner,Louisiana,70065.0,South,TEC-AC-10000158,Technology,Accessories,Sony 64GB Class 10 Micro SDHC R40 Memory Card,71.98,2,0.0,15.1158
6029,CA-2017-157364,2017-11-19,2017-11-21,First Class,LT-17110,Liz Thompson,Consumer,United States,Jacksonville,North Carolina,28540.0,South,OFF-AR-10003752,Office Supplies,Art,Deluxe Chalkboard Eraser Cleaner,18.48,2,0.2,6.006
6037,CA-2017-131205,2017-09-04,2017-09-08,Standard Class,AA-10645,Anna Andreadi,Consumer,United States,Georgetown,Kentucky,40324.0,South,FUR-FU-10003347,Furniture,Furnishings,Coloredge Poster Frame,42.6,3,0.0,16.614
6038,CA-2017-131205,2017-09-04,2017-09-08,Standard Class,AA-10645,Anna Andreadi,Consumer,United States,Georgetown,Kentucky,40324.0,South,OFF-BI-10000315,Office Supplies,Binders,Poly Designer Cover & Back,113.94,6,0.0,54.6912
6039,CA-2017-131205,2017-09-04,2017-09-08,Standard Class,AA-10645,Anna Andreadi,Consumer,United States,Georgetown,Kentucky,40324.0,South,OFF-ST-10002583,Office Supplies,Storage,Fellowes Neat Ideas Storage Cubes,129.92,4,0.0,5.1968
6040,CA-2017-131205,2017-09-04,2017-09-08,Standard Class,AA-10645,Anna Andreadi,Consumer,United States,Georgetown,Kentucky,40324.0,South,OFF-AR-10003469,Office Supplies,Art,Nontoxic Chalk,5.28,3,0.0,2.5344
6138,US-2017-142251,2017-10-31,2017-11-04,Second Class,FO-14305,Frank Olsen,Consumer,United States,Hollywood,Florida,33021.0,South,OFF-PA-10002986,Office Supplies,Paper,Xerox 1898,32.064,6,0.2,11.2224
6151,US-2017-106600,2017-04-08,2017-04-11,First Class,RM-19375,Raymond Messe,Consumer,United States,Columbus,Georgia,31907.0,South,FUR-BO-10001608,Furniture,Bookcases,"Hon Metal Bookcases, Black",354.9,5,0.0,88.725
6287,CA-2017-121020,2017-10-24,2017-10-31,Standard Class,CG-12040,Catherine Glotzbach,Home Office,United States,Lebanon,Tennessee,37087.0,South,TEC-PH-10001061,Technology,Phones,Apple iPhone 5C,239.976,3,0.2,17.9982
6465,US-2017-155404,2017-09-22,2017-09-28,Standard Class,AS-10630,Ann Steele,Home Office,United States,Louisville,Kentucky,40214.0,South,FUR-FU-10004586,Furniture,Furnishings,G.E. Longer-Life Indoor Recessed Floodlight Bulbs,13.28,2,0.0,6.3744
6474,CA-2017-113292,2017-03-18,2017-03-20,Second Class,DB-13060,Dave Brooks,Consumer,United States,Columbia,Tennessee,38401.0,South,OFF-AP-10003590,Office Supplies,Appliances,Hoover WindTunnel Plus Canister Vacuum,871.8,3,0.2,87.18
6492,CA-2017-113845,2017-11-20,2017-11-25,Standard Class,FA-14230,Frank Atkinson,Corporate,United States,Orlando,Florida,32839.0,South,FUR-BO-10004695,Furniture,Bookcases,O'Sullivan 2-Door Barrister Bookcase in Odessa Pine,289.568,2,0.2,10.8588
6493,CA-2017-113845,2017-11-20,2017-11-25,Standard Class,FA-14230,Frank Atkinson,Corporate,United States,Orlando,Florida,32839.0,South,OFF-ST-10003327,Office Supplies,Storage,Akro-Mils 12-Gallon Tote,39.72,5,0.2,4.4685
6494,CA-2017-113845,2017-11-20,2017-11-25,Standard Class,FA-14230,Frank Atkinson,Corporate,United States,Orlando,Florida,32839.0,South,TEC-PH-10003357,Technology,Phones,Grandstream GXP2100 Mainstream Business Phone,244.768,4,0.2,24.4768
6707,CA-2017-112277,2017-09-10,2017-09-15,Standard Class,SC-20695,Steve Chapman,Corporate,United States,Fort Lauderdale,Florida,33311.0,South,TEC-PH-10003505,Technology,Phones,Geemarc AmpliPOWER60,519.68,7,0.2,58.464
6717,CA-2017-134789,2017-04-08,2017-04-15,Standard Class,CK-12325,Christine Kargatis,Home Office,United States,Hot Springs,Arkansas,71901.0,South,OFF-FA-10002280,Office Supplies,Fasteners,Advantus Plastic Paper Clips,30.0,6,0.0,14.4
6718,CA-2017-134789,2017-04-08,2017-04-15,Standard Class,CK-12325,Christine Kargatis,Home Office,United States,Hot Springs,Arkansas,71901.0,South,OFF-PA-10001934,Office Supplies,Paper,Xerox 1993,25.92,4,0.0,12.7008
6719,CA-2017-134789,2017-04-08,2017-04-15,Standard Class,CK-12325,Christine Kargatis,Home Office,United States,Hot Springs,Arkansas,71901.0,South,FUR-FU-10003268,Furniture,Furnishings,Eldon Radial Chair Mat for Low to Medium Pile Carpets,159.92,4,0.0,31.984
6720,CA-2017-130442,2017-12-16,2017-12-19,First Class,SF-20065,Sandra Flanagan,Consumer,United States,Goldsboro,North Carolina,27534.0,South,OFF-AP-10004859,Office Supplies,Appliances,Acco 6 Outlet Guardian Premium Surge Suppressor,34.944,3,0.2,3.0576
6729,CA-2017-165827,2017-11-04,2017-11-09,Standard Class,MF-17665,Maureen Fritzler,Corporate,United States,Miami,Florida,33180.0,South,FUR-FU-10001889,Furniture,Furnishings,Ultra Door Pull Handle,50.496,6,0.2,8.2056
6842,CA-2017-123946,2017-09-12,2017-09-17,Standard Class,AJ-10795,Anthony Johnson,Corporate,United States,Springfield,Virginia,22153.0,South,TEC-AC-10004877,Technology,Accessories,Imation�30456 USB�Flash Drive�8GB,20.7,3,0.0,1.656
6843,CA-2017-123946,2017-09-12,2017-09-17,Standard Class,AJ-10795,Anthony Johnson,Corporate,United States,Springfield,Virginia,22153.0,South,OFF-FA-10002975,Office Supplies,Fasteners,Staples,11.34,3,0.0,5.2164
6844,CA-2017-123946,2017-09-12,2017-09-17,Standard Class,AJ-10795,Anthony Johnson,Corporate,United States,Springfield,Virginia,22153.0,South,OFF-ST-10000419,Office Supplies,Storage,"Rogers Jumbo File, Granite",67.9,5,0.0,0.679
6845,CA-2017-123946,2017-09-12,2017-09-17,Standard Class,AJ-10795,Anthony Johnson,Corporate,United States,Springfield,Virginia,22153.0,South,FUR-CH-10002073,Furniture,Chairs,Hon Olson Stacker Chairs,1059.12,4,0.0,307.1448
6876,US-2017-121013,2017-09-05,2017-09-10,Standard Class,MM-17920,Michael Moore,Consumer,United States,Chesapeake,Virginia,23320.0,South,OFF-LA-10004545,Office Supplies,Labels,Avery 50,25.06,2,0.0,11.7782
6877,US-2017-121013,2017-09-05,2017-09-10,Standard Class,MM-17920,Michael Moore,Consumer,United States,Chesapeake,Virginia,23320.0,South,FUR-TA-10003238,Furniture,Tables,"Chromcraft Bull-Nose Wood 48"" x 96"" Rectangular Conference Tables",1652.94,3,0.0,314.0586
6957,CA-2017-157588,2017-07-14,2017-07-19,Standard Class,AR-10570,Anemone Ratner,Consumer,United States,Columbus,Georgia,31907.0,South,OFF-BI-10003963,Office Supplies,Binders,Cardinal Holdit Data Disk Pockets,36.4,5,0.0,17.108
6958,CA-2017-157588,2017-07-14,2017-07-19,Standard Class,AR-10570,Anemone Ratner,Consumer,United States,Columbus,Georgia,31907.0,South,FUR-FU-10004848,Furniture,Furnishings,"Howard Miller 13-3/4"" Diameter Brushed Chrome Round Wall Clock",51.75,1,0.0,15.525
6963,CA-2017-157161,2017-07-16,2017-07-20,Second Class,JD-15895,Jonathan Doherty,Corporate,United States,Columbia,South Carolina,29203.0,South,OFF-EN-10001509,Office Supplies,Envelopes,Poly String Tie Envelopes,10.2,5,0.0,4.794
6964,CA-2017-157161,2017-07-16,2017-07-20,Second Class,JD-15895,Jonathan Doherty,Corporate,United States,Columbia,South Carolina,29203.0,South,OFF-AR-10003338,Office Supplies,Art,"Eberhard Faber 3 1/2"" Golf Pencils",22.32,3,0.0,5.58
6965,CA-2017-157161,2017-07-16,2017-07-20,Second Class,JD-15895,Jonathan Doherty,Corporate,United States,Columbia,South Carolina,29203.0,South,OFF-BI-10004728,Office Supplies,Binders,Wilson Jones Turn Tabs Binder Tool for Ring Binders,24.1,5,0.0,11.085999999999999
6966,CA-2017-157161,2017-07-16,2017-07-20,Second Class,JD-15895,Jonathan Doherty,Corporate,United States,Columbia,South Carolina,29203.0,South,TEC-AC-10000358,Technology,Accessories,Imation�Secure�Drive�+ Hardware Encrypted USB�flash drive�- 16 GB,75.98,2,0.0,18.2352
6967,CA-2017-157161,2017-07-16,2017-07-20,Second Class,JD-15895,Jonathan Doherty,Corporate,United States,Columbia,South Carolina,29203.0,South,OFF-BI-10002764,Office Supplies,Binders,Recycled Pressboard Report Cover with Reinforced Top Hinge,6.46,2,0.0,3.1654
6968,CA-2017-157161,2017-07-16,2017-07-20,Second Class,JD-15895,Jonathan Doherty,Corporate,United States,Columbia,South Carolina,29203.0,South,OFF-PA-10001461,Office Supplies,Paper,HP Office Paper (20Lb. and 87 Bright),60.12,9,0.0,28.8576
6978,US-2017-119298,2017-11-25,2017-11-28,First Class,EP-13915,Emily Phan,Consumer,United States,Jonesboro,Arkansas,72401.0,South,TEC-PH-10002564,Technology,Phones,OtterBox Defender Series Case - Samsung Galaxy S4,59.98,2,0.0,17.994
7049,CA-2017-119515,2017-08-14,2017-08-16,First Class,TR-21325,Toby Ritter,Consumer,United States,Nashville,Tennessee,37211.0,South,OFF-PA-10000552,Office Supplies,Paper,Xerox 200,15.552,3,0.2,5.4432
7078,CA-2017-106950,2017-09-02,2017-09-06,Standard Class,JE-15715,Joe Elijah,Consumer,United States,Charlotte,North Carolina,28205.0,South,OFF-BI-10000014,Office Supplies,Binders,Heavy-Duty E-Z-D Binders,22.910999999999998,7,0.7,-17.5651
7079,CA-2017-106950,2017-09-02,2017-09-06,Standard Class,JE-15715,Joe Elijah,Consumer,United States,Charlotte,North Carolina,28205.0,South,OFF-AP-10000159,Office Supplies,Appliances,Belkin F9M820V08 8 Outlet Surge,309.45599999999996,9,0.2,34.8138
7080,CA-2017-106950,2017-09-02,2017-09-06,Standard Class,JE-15715,Joe Elijah,Consumer,United States,Charlotte,North Carolina,28205.0,South,OFF-AR-10003560,Office Supplies,Art,Zebra Zazzle Fluorescent Highlighters,19.456,4,0.2,3.4048
7081,CA-2017-106950,2017-09-02,2017-09-06,Standard Class,JE-15715,Joe Elijah,Consumer,United States,Charlotte,North Carolina,28205.0,South,FUR-TA-10001768,Furniture,Tables,Hon Racetrack Conference Tables,472.51800000000003,3,0.4,-149.6307
7082,CA-2017-106950,2017-09-02,2017-09-06,Standard Class,JE-15715,Joe Elijah,Consumer,United States,Charlotte,North Carolina,28205.0,South,TEC-AC-10002049,Technology,Accessories,Plantronics Savi W720 Multi-Device Wireless Headset System,1012.68,3,0.2,303.80400000000003
7083,CA-2017-106950,2017-09-02,2017-09-06,Standard Class,JE-15715,Joe Elijah,Consumer,United States,Charlotte,North Carolina,28205.0,South,OFF-BI-10003166,Office Supplies,Binders,GBC Plasticlear Binding Covers,17.22,5,0.7,-12.628
7126,CA-2017-123176,2017-09-27,2017-09-29,Second Class,JG-15160,James Galang,Consumer,United States,Atlanta,Georgia,30318.0,South,OFF-PA-10003971,Office Supplies,Paper,Xerox 1965,17.94,3,0.0,8.7906
7127,CA-2017-123176,2017-09-27,2017-09-29,Second Class,JG-15160,James Galang,Consumer,United States,Atlanta,Georgia,30318.0,South,OFF-AR-10004685,Office Supplies,Art,"Binney & Smith Crayola Metallic Colored Pencils, 8-Color Set",13.89,3,0.0,4.5837
7130,CA-2017-166282,2017-04-16,2017-04-22,Standard Class,PK-19075,Pete Kriz,Consumer,United States,Nashville,Tennessee,37211.0,South,TEC-AC-10004209,Technology,Accessories,Memorex Froggy Flash Drive 4 GB,35.168,4,0.2,8.3524
7131,CA-2017-166282,2017-04-16,2017-04-22,Standard Class,PK-19075,Pete Kriz,Consumer,United States,Nashville,Tennessee,37211.0,South,OFF-PA-10003022,Office Supplies,Paper,Standard Line �While You Were Out� Hardbound Telephone Message Book,123.088,7,0.2,40.0036
7192,CA-2017-116918,2017-10-01,2017-10-06,Second Class,JK-15205,Jamie Kunitz,Consumer,United States,Hialeah,Florida,33012.0,South,OFF-BI-10004140,Office Supplies,Binders,Avery Non-Stick Binders,5.388,4,0.7,-4.49
7193,CA-2017-116918,2017-10-01,2017-10-06,Second Class,JK-15205,Jamie Kunitz,Consumer,United States,Hialeah,Florida,33012.0,South,OFF-AR-10003631,Office Supplies,Art,Staples in misc. colors,30.976,8,0.2,5.0336
7194,CA-2017-110492,2017-02-12,2017-02-14,First Class,JS-15880,John Stevenson,Consumer,United States,Atlanta,Georgia,30318.0,South,OFF-ST-10003716,Office Supplies,Storage,Tennsco Double-Tier Lockers,1350.12,6,0.0,175.5156
7195,CA-2017-110492,2017-02-12,2017-02-14,First Class,JS-15880,John Stevenson,Consumer,United States,Atlanta,Georgia,30318.0,South,OFF-BI-10003274,Office Supplies,Binders,"Avery Durable Slant Ring Binders, No Labels",15.92,4,0.0,7.4824
7201,CA-2017-104276,2017-11-27,2017-12-03,Standard Class,HF-14995,Herbert Flentye,Consumer,United States,Fort Lauderdale,Florida,33311.0,South,TEC-PH-10001944,Technology,Phones,Wi-Ex zBoost YX540 Cellular Phone Signal Booster,116.76,1,0.2,14.595
7202,CA-2017-104276,2017-11-27,2017-12-03,Standard Class,HF-14995,Herbert Flentye,Consumer,United States,Fort Lauderdale,Florida,33311.0,South,FUR-TA-10001039,Furniture,Tables,KI Adjustable-Height Table,331.023,7,0.45,-114.3534
7252,CA-2017-116764,2017-08-27,2017-09-02,Standard Class,EM-13825,Elizabeth Moffitt,Corporate,United States,Hollywood,Florida,33021.0,South,OFF-LA-10002473,Office Supplies,Labels,Avery 484,9.216000000000001,4,0.2,3.3408
7269,CA-2017-133368,2017-01-14,2017-01-20,Standard Class,AG-10675,Anna Gayman,Consumer,United States,Concord,North Carolina,28027.0,South,OFF-PA-10004039,Office Supplies,Paper,Xerox 1882,89.568,2,0.2,32.4684
7270,CA-2017-133368,2017-01-14,2017-01-20,Standard Class,AG-10675,Anna Gayman,Consumer,United States,Concord,North Carolina,28027.0,South,FUR-FU-10003374,Furniture,Furnishings,Electrix Fluorescent Magnifier Lamps & Weighted Base,315.776,8,0.2,31.5776
7273,US-2017-150357,2017-10-10,2017-10-14,Standard Class,EB-13975,Erica Bern,Corporate,United States,Greensboro,North Carolina,27405.0,South,OFF-SU-10004498,Office Supplies,Supplies,Martin-Yale Premier Letter Opener,20.608,2,0.2,-4.3792
7274,US-2017-150357,2017-10-10,2017-10-14,Standard Class,EB-13975,Erica Bern,Corporate,United States,Greensboro,North Carolina,27405.0,South,OFF-BI-10002557,Office Supplies,Binders,Presstex Flexible Ring Binders,4.095,3,0.7,-2.73
7730,US-2017-109260,2017-09-26,2017-10-01,Standard Class,TN-21040,Tanja Norvell,Home Office,United States,Tallahassee,Florida,32303.0,South,TEC-AC-10002637,Technology,Accessories,Logitech�VX Revolution Cordless Laser Mouse for Notebooks (Black),431.976,3,0.2,-75.5958
7780,CA-2017-139381,2017-04-18,2017-04-22,Standard Class,RF-19840,Roy Franz�sisch,Consumer,United States,Chesapeake,Virginia,23320.0,South,OFF-AP-10001271,Office Supplies,Appliances,Eureka The Boss Cordless Rechargeable Stick Vac,203.92,4,0.0,55.0584
7781,CA-2017-139381,2017-04-18,2017-04-22,Standard Class,RF-19840,Roy Franz�sisch,Consumer,United States,Chesapeake,Virginia,23320.0,South,TEC-PH-10004924,Technology,Phones,"SKILCRAFT Telephone Shoulder Rest, 2"" x 6.5"" x 2.5"", Black",29.56,4,0.0,7.9812
7783,CA-2017-162236,2017-11-04,2017-11-06,Second Class,ER-13855,Elpida Rittenbach,Corporate,United States,Charlotte,North Carolina,28205.0,South,OFF-ST-10003442,Office Supplies,Storage,Eldon Portable Mobile Manager,45.248000000000005,2,0.2,3.9592
7784,CA-2017-162236,2017-11-04,2017-11-06,Second Class,ER-13855,Elpida Rittenbach,Corporate,United States,Charlotte,North Carolina,28205.0,South,FUR-TA-10002533,Furniture,Tables,BPI Conference Tables,876.3,10,0.4,-292.1
7785,CA-2017-162236,2017-11-04,2017-11-06,Second Class,ER-13855,Elpida Rittenbach,Corporate,United States,Charlotte,North Carolina,28205.0,South,OFF-SU-10003505,Office Supplies,Supplies,Premier Electric Letter Opener,185.37599999999998,2,0.2,-34.758
7808,US-2017-137295,2017-01-08,2017-01-13,Standard Class,VS-21820,Vivek Sundaresam,Consumer,United States,Raleigh,North Carolina,27604.0,South,OFF-BI-10004236,Office Supplies,Binders,"XtraLife ClearVue Slant-D Ring Binder, White, 3""",30.828000000000003,7,0.7,-24.6624
7809,US-2017-137295,2017-01-08,2017-01-13,Standard Class,VS-21820,Vivek Sundaresam,Consumer,United States,Raleigh,North Carolina,27604.0,South,OFF-AR-10001955,Office Supplies,Art,Newell 319,47.61600000000001,3,0.2,5.952000000000001
7810,US-2017-137295,2017-01-08,2017-01-13,Standard Class,VS-21820,Vivek Sundaresam,Consumer,United States,Raleigh,North Carolina,27604.0,South,TEC-PH-10004080,Technology,Phones,Avaya 5410 Digital phone,108.78399999999999,2,0.2,10.8784
7822,CA-2017-169334,2017-10-21,2017-10-24,Second Class,GW-14605,Giulietta Weimer,Consumer,United States,Jackson,Tennessee,38301.0,South,OFF-ST-10004950,Office Supplies,Storage,"Tenex Personal Filing Tote With Secure Closure Lid, Black/Frost",111.67200000000001,9,0.2,6.9795
7890,CA-2017-148684,2017-12-25,2017-12-29,Standard Class,TS-21655,Trudy Schmidt,Consumer,United States,Fayetteville,Arkansas,72701.0,South,OFF-AR-10003811,Office Supplies,Art,Newell 327,19.89,9,0.0,5.3703
7891,CA-2017-148684,2017-12-25,2017-12-29,Standard Class,TS-21655,Trudy Schmidt,Consumer,United States,Fayetteville,Arkansas,72701.0,South,TEC-AC-10001838,Technology,Accessories,Razer Tiamat Over Ear 7.1 Surround Sound PC Gaming Headset,399.98,2,0.0,171.9914
7892,CA-2017-148684,2017-12-25,2017-12-29,Standard Class,TS-21655,Trudy Schmidt,Consumer,United States,Fayetteville,Arkansas,72701.0,South,FUR-FU-10003553,Furniture,Furnishings,"Howard Miller 13-1/2"" Diameter Rosebrook Wall Clock",343.85,5,0.0,137.54
7893,CA-2017-148684,2017-12-25,2017-12-29,Standard Class,TS-21655,Trudy Schmidt,Consumer,United States,Fayetteville,Arkansas,72701.0,South,OFF-PA-10003302,Office Supplies,Paper,Xerox 1906,106.32,3,0.0,49.9704
7925,CA-2017-125843,2017-08-13,2017-08-16,First Class,RF-19840,Roy Franz�sisch,Consumer,United States,Springfield,Virginia,22153.0,South,OFF-BI-10002309,Office Supplies,Binders,Avery Heavy-Duty EZD  Binder With Locking Rings,22.32,4,0.0,10.7136
7926,CA-2017-125843,2017-08-13,2017-08-16,First Class,RF-19840,Roy Franz�sisch,Consumer,United States,Springfield,Virginia,22153.0,South,OFF-LA-10003923,Office Supplies,Labels,Alphabetical Labels for Top Tab Filing,103.6,7,0.0,51.8
7992,CA-2017-133872,2017-06-14,2017-06-17,First Class,VM-21835,Vivian Mathis,Consumer,United States,Boca Raton,Florida,33433.0,South,OFF-BI-10002082,Office Supplies,Binders,GBC Twin Loop Wire Binding Elements,39.936,4,0.7,-26.624000000000002
7993,CA-2017-133872,2017-06-14,2017-06-17,First Class,VM-21835,Vivian Mathis,Consumer,United States,Boca Raton,Florida,33433.0,South,TEC-AC-10000521,Technology,Accessories,"Verbatim Slim CD and DVD Storage Cases, 50/Pack",18.464000000000002,2,0.2,2.3080000000000003
8086,CA-2017-105753,2017-10-20,2017-10-26,Standard Class,LC-16960,Lindsay Castell,Home Office,United States,Arlington,Virginia,22204.0,South,FUR-FU-10000246,Furniture,Furnishings,Aluminum Document Frame,61.1,5,0.0,18.33
8137,CA-2017-118073,2017-08-12,2017-08-16,Standard Class,CS-12490,Cindy Schnelling,Corporate,United States,Lakeland,Florida,33801.0,South,FUR-TA-10002533,Furniture,Tables,BPI Conference Tables,562.2925,7,0.45,-255.5875
8172,CA-2017-146150,2017-02-14,2017-02-19,Standard Class,FM-14380,Fred McMath,Consumer,United States,Jackson,Mississippi,39212.0,South,OFF-AR-10002240,Office Supplies,Art,Panasonic KP-150 Electric Pencil Sharpener,264.18,7,0.0,68.6868
8231,CA-2017-162355,2017-06-30,2017-07-02,Second Class,PF-19165,Philip Fox,Consumer,United States,Sandy Springs,Georgia,30328.0,South,OFF-AR-10004344,Office Supplies,Art,Bulldog Vacuum Base Pencil Sharpener,35.97,3,0.0,9.7119
8232,CA-2017-162355,2017-06-30,2017-07-02,Second Class,PF-19165,Philip Fox,Consumer,United States,Sandy Springs,Georgia,30328.0,South,FUR-BO-10004695,Furniture,Bookcases,O'Sullivan 2-Door Barrister Bookcase in Odessa Pine,1266.86,7,0.0,291.3778
8263,CA-2017-100307,2017-12-15,2017-12-19,Standard Class,TC-21475,Tony Chapman,Home Office,United States,Fayetteville,Arkansas,72701.0,South,OFF-PA-10002552,Office Supplies,Paper,Xerox 1958,19.44,3,0.0,9.3312
8277,US-2017-139262,2017-02-21,2017-02-25,Standard Class,LC-16960,Lindsay Castell,Home Office,United States,Tampa,Florida,33614.0,South,OFF-BI-10003727,Office Supplies,Binders,Avery Durable Slant Ring Binders With Label Holder,3.762,3,0.7,-2.7588
8278,US-2017-139262,2017-02-21,2017-02-25,Standard Class,LC-16960,Lindsay Castell,Home Office,United States,Tampa,Florida,33614.0,South,OFF-BI-10002026,Office Supplies,Binders,Avery Arch Ring Binders,34.86,2,0.7,-26.726
8279,US-2017-139262,2017-02-21,2017-02-25,Standard Class,LC-16960,Lindsay Castell,Home Office,United States,Tampa,Florida,33614.0,South,OFF-ST-10001496,Office Supplies,Storage,Standard Rollaway File with Lock,432.45599999999996,3,0.2,32.4342
8296,CA-2017-166380,2017-05-30,2017-06-03,Standard Class,EB-13750,Edward Becker,Corporate,United States,Arlington,Virginia,22204.0,South,OFF-EN-10002600,Office Supplies,Envelopes,"Redi-Strip #10 Envelopes, 4 1/8 x 9 1/2",26.55,9,0.0,12.744000000000002
8297,CA-2017-166380,2017-05-30,2017-06-03,Standard Class,EB-13750,Edward Becker,Corporate,United States,Arlington,Virginia,22204.0,South,TEC-AC-10000109,Technology,Accessories,Sony Micro Vault Click 16 GB USB 2.0 Flash Drive,111.98,2,0.0,26.8752
8337,CA-2017-101469,2017-07-02,2017-07-08,Standard Class,KH-16360,Katherine Hughes,Consumer,United States,Arlington,Virginia,22204.0,South,OFF-AR-10003986,Office Supplies,Art,Avery Hi-Liter Pen Style Six-Color Fluorescent Set,7.7,2,0.0,3.157
8343,CA-2017-132549,2017-11-25,2017-11-30,Standard Class,JK-15370,Jay Kimmel,Consumer,United States,Huntsville,Alabama,35810.0,South,OFF-ST-10001325,Office Supplies,Storage,Sterilite Officeware Hinged File Box,73.36,7,0.0,19.8072
8357,CA-2017-163174,2017-08-26,2017-08-30,Standard Class,XP-21865,Xylona Preis,Consumer,United States,Athens,Georgia,30605.0,South,FUR-FU-10000308,Furniture,Furnishings,Deflect-o Glass Clear Studded Chair Mats,186.54,3,0.0,41.0388
8411,CA-2017-130820,2017-11-15,2017-11-15,Same Day,ON-18715,Odella Nelson,Corporate,United States,Burlington,North Carolina,27217.0,South,FUR-TA-10001768,Furniture,Tables,Hon Racetrack Conference Tables,630.024,4,0.4,-199.5076
8412,CA-2017-159765,2017-05-09,2017-05-12,Second Class,TH-21100,Thea Hendricks,Consumer,United States,Salem,Virginia,24153.0,South,OFF-AR-10003514,Office Supplies,Art,4009 Highlighters by Sanford,27.86,7,0.0,9.1938
8489,CA-2017-158841,2017-02-02,2017-02-04,Second Class,SE-20110,Sanjit Engle,Consumer,United States,Arlington,Virginia,22204.0,South,TEC-MA-10001127,Technology,Machines,"HP Designjet T520 Inkjet Large Format Printer - 24"" Color",8749.95,5,0.0,2799.9840000000004
8490,CA-2017-158841,2017-02-02,2017-02-04,Second Class,SE-20110,Sanjit Engle,Consumer,United States,Arlington,Virginia,22204.0,South,OFF-BI-10002557,Office Supplies,Binders,Presstex Flexible Ring Binders,36.4,8,0.0,18.2
8491,CA-2017-158841,2017-02-02,2017-02-04,Second Class,SE-20110,Sanjit Engle,Consumer,United States,Arlington,Virginia,22204.0,South,FUR-FU-10001731,Furniture,Furnishings,Acrylic Self-Standing Desk Frames,18.69,7,0.0,7.1022
8545,CA-2017-119074,2017-03-27,2017-03-31,Standard Class,DS-13180,David Smith,Corporate,United States,Columbus,Georgia,31907.0,South,FUR-FU-10004053,Furniture,Furnishings,DAX Two-Tone Silver Metal Document Frame,20.24,1,0.0,8.7032
8546,CA-2017-119074,2017-03-27,2017-03-31,Standard Class,DS-13180,David Smith,Corporate,United States,Columbus,Georgia,31907.0,South,FUR-FU-10003731,Furniture,Furnishings,"Eldon Expressions Wood and Plastic Desk Accessories, Oak",39.92,4,0.0,11.1776
8547,CA-2017-119074,2017-03-27,2017-03-31,Standard Class,DS-13180,David Smith,Corporate,United States,Columbus,Georgia,31907.0,South,OFF-BI-10000962,Office Supplies,Binders,"Acco Flexible ACCOHIDE Square Ring Data Binder, Dark Blue, 11 1/2"" X 14"" 7/8""",32.54,2,0.0,15.9446
8555,CA-2017-102092,2017-12-09,2017-12-11,First Class,PM-18940,Paul MacIntyre,Consumer,United States,Springfield,Virginia,22153.0,South,FUR-TA-10002530,Furniture,Tables,"Iceberg OfficeWorks 42"" Round Tables",1056.86,7,0.0,158.529
8580,CA-2017-111605,2017-12-27,2018-01-02,Standard Class,JW-15955,Joni Wasserman,Consumer,United States,Louisville,Kentucky,40214.0,South,OFF-LA-10002368,Office Supplies,Labels,Avery 479,2.61,1,0.0,1.2006
8649,CA-2017-164574,2017-07-29,2017-08-03,Standard Class,RH-19555,Ritsa Hightower,Consumer,United States,Charlotte,North Carolina,28205.0,South,OFF-ST-10003816,Office Supplies,Storage,Fellowes High-Stak Drawer Files,704.76,5,0.2,26.4285
8650,CA-2017-164574,2017-07-29,2017-08-03,Standard Class,RH-19555,Ritsa Hightower,Consumer,United States,Charlotte,North Carolina,28205.0,South,OFF-BI-10002429,Office Supplies,Binders,"Premier Elliptical Ring Binder, Black",27.396,3,0.7,-20.0904
8681,CA-2017-143805,2017-12-01,2017-12-03,Second Class,JD-15895,Jonathan Doherty,Corporate,United States,Richmond,Virginia,23223.0,South,OFF-AP-10002945,Office Supplies,Appliances,Honeywell Enviracaire Portable HEPA Air Cleaner for 17' x 22' Room,2104.55,7,0.0,694.5015
8682,CA-2017-143805,2017-12-01,2017-12-03,Second Class,JD-15895,Jonathan Doherty,Corporate,United States,Richmond,Virginia,23223.0,South,OFF-SU-10004664,Office Supplies,Supplies,Acme Softgrip Scissors,40.7,5,0.0,11.802999999999999
8724,US-2017-135209,2017-12-29,2017-12-31,Second Class,MH-17290,Marc Harrigan,Home Office,United States,Miami,Florida,33178.0,South,OFF-PA-10002986,Office Supplies,Paper,Xerox 1898,37.408,7,0.2,13.0928
8725,US-2017-135209,2017-12-29,2017-12-31,Second Class,MH-17290,Marc Harrigan,Home Office,United States,Miami,Florida,33178.0,South,OFF-PA-10000143,Office Supplies,Paper,Astroparche Fine Business Paper,25.344,6,0.2,8.8704
8741,CA-2017-102498,2017-07-24,2017-07-25,First Class,JG-15160,James Galang,Consumer,United States,Lafayette,Louisiana,70506.0,South,OFF-AR-10004456,Office Supplies,Art,Panasonic KP-4ABK Battery-Operated Pencil Sharpener,73.2,5,0.0,21.228
8752,CA-2017-105662,2017-05-05,2017-05-09,Standard Class,RB-19465,Rick Bensley,Home Office,United States,Tallahassee,Florida,32303.0,South,OFF-PA-10001001,Office Supplies,Paper,"Snap-A-Way Black Print Carbonless Speed Message, No Reply Area, Duplicate",93.24799999999999,4,0.2,31.4712
8753,CA-2017-105662,2017-05-05,2017-05-09,Standard Class,RB-19465,Rick Bensley,Home Office,United States,Tallahassee,Florida,32303.0,South,TEC-PH-10001198,Technology,Phones,Avaya 4621SW VoIP phone,177.48,3,0.2,19.9665
8761,CA-2017-159891,2017-01-31,2017-02-06,Standard Class,BF-11170,Ben Ferrer,Home Office,United States,Atlanta,Georgia,30318.0,South,OFF-BI-10003527,Office Supplies,Binders,Fellowes PB500 Electric Punch Plastic Comb Binding Machine with Manual Bind,1270.99,1,0.0,635.495
8762,CA-2017-159891,2017-01-31,2017-02-06,Standard Class,BF-11170,Ben Ferrer,Home Office,United States,Atlanta,Georgia,30318.0,South,OFF-EN-10004483,Office Supplies,Envelopes,"#10 White Business Envelopes,4 1/8 x 9 1/2",125.36,8,0.0,58.9192
8892,CA-2017-162159,2017-09-16,2017-09-18,First Class,CR-12625,Corey Roper,Home Office,United States,Columbus,Georgia,31907.0,South,FUR-CH-10001146,Furniture,Chairs,"Global Value Mid-Back Manager's Chair, Gray",121.78,2,0.0,30.445
8922,CA-2017-145709,2017-10-04,2017-10-08,Standard Class,AH-10690,Anna H�berlin,Corporate,United States,Coral Gables,Florida,33134.0,South,TEC-PH-10003095,Technology,Phones,Samsung HM1900 Bluetooth Headset,52.68,3,0.2,19.755
8923,CA-2017-145709,2017-10-04,2017-10-08,Standard Class,AH-10690,Anna H�berlin,Corporate,United States,Coral Gables,Florida,33134.0,South,FUR-FU-10002885,Furniture,Furnishings,Magna Visual Magnetic Picture Hangers,11.568,3,0.2,2.6028
8963,CA-2017-157280,2017-11-05,2017-11-07,First Class,LW-17125,Liz Willingham,Consumer,United States,Virginia Beach,Virginia,23464.0,South,FUR-FU-10004665,Furniture,Furnishings,"3M Polarizing Task Lamp with Clamp Arm, Light Gray",273.96,2,0.0,71.2296
8964,CA-2017-157280,2017-11-05,2017-11-07,First Class,LW-17125,Liz Willingham,Consumer,United States,Virginia Beach,Virginia,23464.0,South,TEC-AC-10000057,Technology,Accessories,Microsoft Natural Ergonomic Keyboard 4000,89.97,3,0.0,18.8937
8965,CA-2017-157280,2017-11-05,2017-11-07,First Class,LW-17125,Liz Willingham,Consumer,United States,Virginia Beach,Virginia,23464.0,South,FUR-FU-10003806,Furniture,Furnishings,"Tenex Chairmat w/ Average Lip, 45"" x 53""",756.8,5,0.0,75.68
9079,CA-2017-108105,2017-02-16,2017-02-23,Standard Class,GW-14605,Giulietta Weimer,Consumer,United States,Henderson,Kentucky,42420.0,South,FUR-FU-10003773,Furniture,Furnishings,Eldon Cleatmat Plus Chair Mats for High Pile Carpets,318.08,4,0.0,34.9888
9080,CA-2017-108105,2017-02-16,2017-02-23,Standard Class,GW-14605,Giulietta Weimer,Consumer,United States,Henderson,Kentucky,42420.0,South,OFF-BI-10002412,Office Supplies,Binders,Wilson Jones �Snap� Scratch Pad Binder Tool for Ring Binders,5.8,1,0.0,2.61
9135,CA-2017-124254,2017-04-12,2017-04-17,Standard Class,TB-21175,Thomas Boland,Corporate,United States,Wilson,North Carolina,27893.0,South,OFF-ST-10001469,Office Supplies,Storage,Fellowes Bankers Box Recycled Super Stor/Drawer,129.55200000000002,3,0.2,-22.6716
9136,CA-2017-124254,2017-04-12,2017-04-17,Standard Class,TB-21175,Thomas Boland,Corporate,United States,Wilson,North Carolina,27893.0,South,OFF-ST-10000060,Office Supplies,Storage,Fellowes Bankers Box Staxonsteel Drawer File/Stacking System,51.983999999999995,1,0.2,-5.1984
9137,CA-2017-124254,2017-04-12,2017-04-17,Standard Class,TB-21175,Thomas Boland,Corporate,United States,Wilson,North Carolina,27893.0,South,OFF-PA-10000807,Office Supplies,Paper,"TOPS ""Important Message"" Pads, Canary, 4-1/4 x 5-1/2, 50 Sheets per Pad",10.272,3,0.2,3.4668
9160,CA-2017-118934,2017-08-09,2017-08-14,Standard Class,GH-14410,Gary Hansen,Home Office,United States,Hendersonville,Tennessee,37075.0,South,OFF-BI-10003314,Office Supplies,Binders,Tuff Stuff Recycled Round Ring Binders,4.338,3,0.7,-3.0366
9161,CA-2017-118934,2017-08-09,2017-08-14,Standard Class,GH-14410,Gary Hansen,Home Office,United States,Hendersonville,Tennessee,37075.0,South,OFF-BI-10004465,Office Supplies,Binders,Avery Durable Slant Ring Binders,11.88,5,0.7,-7.92
9169,CA-2017-140571,2017-03-15,2017-03-19,Standard Class,SJ-20125,Sanjit Jacobs,Home Office,United States,Jackson,Mississippi,39212.0,South,OFF-PA-10001954,Office Supplies,Paper,Xerox 1964,319.76,14,0.0,147.0896
9170,CA-2017-140571,2017-03-15,2017-03-19,Standard Class,SJ-20125,Sanjit Jacobs,Home Office,United States,Jackson,Mississippi,39212.0,South,OFF-PA-10001954,Office Supplies,Paper,Xerox 1964,45.68,2,0.0,21.0128
9177,CA-2017-118178,2017-03-19,2017-03-24,Standard Class,CC-12610,Corey Catlett,Corporate,United States,Nashville,Tennessee,37211.0,South,OFF-BI-10001153,Office Supplies,Binders,Ibico Recycled Grain-Textured Covers,31.086,3,0.7,-20.724
9276,CA-2017-113236,2017-05-26,2017-05-29,Second Class,CP-12085,Cathy Prescott,Corporate,United States,Delray Beach,Florida,33445.0,South,OFF-ST-10000532,Office Supplies,Storage,Advantus Rolling Drawer Organizers,184.704,6,0.2,13.8528
9277,CA-2017-113236,2017-05-26,2017-05-29,Second Class,CP-12085,Cathy Prescott,Corporate,United States,Delray Beach,Florida,33445.0,South,TEC-AC-10001267,Technology,Accessories,Imation�32GB Pocket Pro USB 3.0�Flash Drive�- 32 GB - Black - 1 P ...,47.92,2,0.2,11.98
9283,CA-2017-160486,2017-12-30,2018-01-04,Standard Class,EH-14185,Evan Henry,Consumer,United States,West Palm Beach,Florida,33407.0,South,OFF-PA-10002421,Office Supplies,Paper,Embossed Ink Jet Note Cards,72.22399999999999,4,0.2,25.2784
9456,CA-2017-140977,2017-06-16,2017-06-19,Second Class,JL-15175,James Lanier,Home Office,United States,Chattanooga,Tennessee,37421.0,South,TEC-MA-10003493,Technology,Machines,Penpower WorldCard Pro Card Scanner,91.475,1,0.5,-1.8295
9490,US-2017-102232,2017-08-05,2017-08-11,Standard Class,MF-17665,Maureen Fritzler,Corporate,United States,Huntsville,Alabama,35810.0,South,OFF-AR-10000538,Office Supplies,Art,"Boston Model 1800 Electric Pencil Sharpener, Gray",197.05,7,0.0,59.115
9586,CA-2017-160598,2017-08-26,2017-08-28,First Class,SV-20815,Stuart Van,Corporate,United States,Miami,Florida,33142.0,South,OFF-PA-10002319,Office Supplies,Paper,Xerox 1944,31.008000000000003,1,0.2,11.2404
9602,CA-2017-117604,2017-09-04,2017-09-09,Standard Class,JP-15520,Jeremy Pistek,Consumer,United States,Jonesboro,Arkansas,72401.0,South,OFF-PA-10001357,Office Supplies,Paper,Xerox 1886,239.5,5,0.0,114.96
9770,CA-2017-123533,2017-11-24,2017-11-30,Standard Class,SC-20050,Sample Company A,Home Office,United States,Hialeah,Florida,33012.0,South,FUR-BO-10001619,Furniture,Bookcases,O'Sullivan Cherrywood Estates Traditional Bookcase,339.92,5,0.2,8.498
9771,CA-2017-123533,2017-11-24,2017-11-30,Standard Class,SC-20050,Sample Company A,Home Office,United States,Hialeah,Florida,33012.0,South,OFF-PA-10001609,Office Supplies,Paper,Tops Wirebound Message Log Books,10.527999999999999,4,0.2,3.4216
9772,CA-2017-123533,2017-11-24,2017-11-30,Standard Class,SC-20050,Sample Company A,Home Office,United States,Hialeah,Florida,33012.0,South,OFF-AP-10002765,Office Supplies,Appliances,Fellowes Advanced Computer Series Surge Protectors,42.38399999999999,2,0.2,4.2384
9774,CA-2017-160234,2017-06-26,2017-07-03,Standard Class,PF-19225,Phillip Flathmann,Consumer,United States,Atlanta,Georgia,30318.0,South,TEC-PH-10004434,Technology,Phones,Cisco IP�Phone�7961G VoIP�phone�- Dark gray,135.95,1,0.0,39.4255
9806,CA-2017-136322,2017-10-21,2017-10-26,Standard Class,AP-10720,Anne Pryor,Home Office,United States,Fort Lauderdale,Florida,33311.0,South,FUR-FU-10002878,Furniture,Furnishings,"Seth Thomas 14"" Day/Date Wall Clock",45.568000000000005,2,0.2,9.6832
9807,CA-2017-136322,2017-10-21,2017-10-26,Standard Class,AP-10720,Anne Pryor,Home Office,United States,Fort Lauderdale,Florida,33311.0,South,OFF-BI-10004817,Office Supplies,Binders,GBC Personal VeloBind Strips,28.752,8,0.7,-21.0848
